Date,EC1,EC1_Volume,JY1,JY1_Volume,BP1,BP1_Volume,PE1,PE1_Volume,GBP_NET,MXN_NET,EUR_NET,JPY_NET
1/14/2005,1.3161,555439,103.42,168284,1.8796,62278,11.2170,50083,22756,32136,16181,23745
1/21/2005,1.3043,553628,102.36,175100,1.8693,80934,11.2485,53021,21007,42780,9913,7879
1/28/2005,1.2954,556243,104.16,170769,1.8647,77769,11.2970,63250,18616,34880,768,924
2/4/2005,1.3017,574289,103.93,195194,1.8792,99077,11.1650,60078,19591,47234,1925,399
2/11/2005,1.2783,588822,105.65,196946,1.857,91761,11.2060,48827,15190,51948,-631,-14290
2/18/2005,1.2986,570546,104.47,142104,1.8894,108757,11.1495,57172,26973,56164,-245,-23693
2/25/2005,1.323,513801,104.15,150215,1.9092,100143,11.0430,36422,29369,63018,4024,-25935
3/4/2005,1.3189,560009,104.37,209377,1.9206,98093,11.1005,65224,38182,62313,33418,-7123
3/11/2005,1.3342,404184,104.51,183587,1.9292,114663,10.9755,93161,46451,64999,22590,-9786
3/18/2005,1.3315,474020,104.54,119305,1.9134,81545,11.2080,48341,42006,44595,29912,-5346
3/25/2005,1.321,523295,104.99,147824,1.8997,107268,11.1895,45348,31332,33011,27199,-11903
4/1/2005,1.2913,533255,107.49,199887,1.8752,105707,11.2938,46101,18587,23832,17753,-30189
4/8/2005,1.2842,551673,108.43,160290,1.8773,94685,11.2145,60092,21540,21830,6898,-36442
4/15/2005,1.2873,839212,108.26,225534,1.8842,109668,11.1190,59141,26824,47912,5760,-44196
4/22/2005,1.3034,756010,107.02,248890,1.9165,115281,11.0790,45406,33817,60934,5021,-54697
4/29/2005,1.2964,683036,106.03,218723,1.904,101381,11.0590,38156,29282,66342,4219,-32502
5/6/2005,1.2889,628240,105.16,197917,1.891,128961,11.0255,35286,25845,76322,4875,-14131
5/13/2005,1.2877,698106,105.53,217090,1.8828,139991,11.0200,45942,25907,75436,-1544,-9563
5/20/2005,1.2644,616678,107.15,217971,1.8401,145402,10.9942,35964,17615,75561,-13488,-47883
5/27/2005,1.2588,501714,107.46,141692,1.8288,84898,10.9820,30047,14760,73445,-15321,-38831
6/3/2005,1.2349,898526,107.97,253373,1.8231,148898,10.9125,69014,14346,80430,-18310,-48435
6/10/2005,1.2277,564419,106.64,251278,1.832,155818,10.8600,105265,14668,77258,-17771,-37111
6/17/2005,1.2038,767727,109.38,170588,1.8062,120212,10.8399,34488,14197,77948,-19665,-53164
6/24/2005,1.2134,676208,108.52,197194,1.824,114843,10.7905,43246,13979,79090,-21282,-37974
7/1/2005,1.2078,461460,109.89,163563,1.8157,107113,10.8415,53741,8962,73676,-14241,-51845
7/8/2005,1.1917,707203,111.61,201112,1.757,168340,10.7550,58755,10990,78152,-24872,-52186
7/15/2005,1.22,652407,110.94,233889,1.7753,142723,10.6890,50049,9067,74296,-7848,-63076
7/22/2005,1.2001,715845,112.95,317714,1.7364,191017,10.6200,34520,11268,70224,-11870,-59056
7/29/2005,1.2007,652709,112.3,192978,1.7415,137897,10.6960,64056,12276,73609,-8296,-47768
8/5/2005,1.2209,715835,111.28,223835,1.7728,149269,10.5980,28118,12377,73170,-191,-43151
8/12/2005,1.2347,586302,112.07,228382,1.7844,152417,10.6375,59592,11090,74209,4231,-48660
8/19/2005,1.2342,553589,109.37,188944,1.8096,149034,10.5750,73909,20459,74052,584,-26385
8/26/2005,1.2213,505266,109.83,201022,1.7996,132945,10.7765,67771,21708,45300,-5766,-31366
9/2/2005,1.2204,801750,111.49,288412,1.784,281611,10.8370,56202,18388,34764,-3619,-47665
9/9/2005,1.2483,580055,109.67,230708,1.842,168228,10.6906,61910,25940,43078,23518,-34372
9/16/2005,1.2263,339613,110.85,159651,1.8214,121014,10.7600,94334,27410,39606,7585,-34934
9/23/2005,1.2177,466477,111.54,162385,1.8046,143178,10.8275,39323,24572,35303,-1428,-47629
9/30/2005,1.2011,625539,113.32,205650,1.7677,200280,10.8880,74087,27581,32662,-1603,-59066
10/7/2005,1.1918,631348,114.33,231559,1.7587,190301,10.6870,92646,20074,56274,-1898,-63299
10/14/2005,1.2015,607468,114.21,218056,1.7489,201563,10.8045,73601,13716,47934,4792,-66035
10/21/2005,1.1939,625907,115.71,218347,1.7487,209952,10.8340,63196,10591,20310,855,-66641
10/28/2005,1.2099,627324,114.78,233071,1.7855,246377,10.8440,55735,12541,14671,-2558,-66682
11/4/2005,1.1998,754295,116.63,219050,1.763,251720,10.7700,63762,9163,43921,6998,-66302
11/11/2005,1.1773,620267,117.1,221767,1.7415,203140,10.7415,45466,10489,62154,-6627,-64628
11/18/2005,1.1695,800644,118.93,226086,1.7366,270115,10.6500,46019,10175,79837,-13222,-67231
11/25/2005,1.1737,654236,119.22,198884,1.7138,204474,10.6580,49006,9056,86294,-11127,-65884
12/2/2005,1.1786,835096,119.48,333644,1.7203,362305,10.5700,58185,10936,85720,-18132,-64000
12/9/2005,1.1784,693639,120.82,263962,1.7402,245544,10.4135,83959,15567,82590,-22572,-71643
12/16/2005,1.1926,408173,120.11,285021,1.7674,171507,10.6325,65631,13586,67590,-1063,-72063
12/23/2005,1.1848,399625,117.01,173270,1.7544,166867,10.6870,25946,9425,36289,4504,-26105
12/30/2005,1.1856,308884,117.07,143782,1.7308,142754,10.7355,45482,9474,30635,4578,-22129
1/6/2006,1.198,671460,116.34,304898,1.7404,243758,10.6430,45006,13026,35814,11231,-24737
1/13/2006,1.2063,727118,114.64,272599,1.7645,238122,10.6026,41249,17074,40139,21961,-19529
1/20/2006,1.2073,585687,115.83,232207,1.7628,191665,10.5470,49833,17411,44070,21211,-18259
1/27/2006,1.2287,694755,114.54,301845,1.7885,236545,10.5050,44534,22028,44557,37464,-19278
2/3/2006,1.2158,733231,116.88,279029,1.782,275409,10.4400,45027,21296,66098,36382,-41745
2/10/2006,1.1974,727233,118.01,283885,1.7444,232842,10.4775,55243,15492,60973,18965,-56347
2/17/2006,1.1895,667787,117.43,285035,1.7343,272835,10.5125,33943,12019,66476,11956,-55057
2/24/2006,1.1912,481267,118.85,239117,1.7447,216762,10.4430,50833,14722,64703,10085,-71184
3/3/2006,1.1925,619707,115.82,319426,1.7539,291254,10.4542,75070,15055,62905,18402,-22821
3/10/2006,1.1888,466567,117.76,330172,1.7362,205569,10.6970,76834,14981,34560,13878,-41831
3/17/2006,1.2025,639934,117.36,318610,1.7479,271193,10.6860,47086,10989,29930,27984,-45289
3/24/2006,1.2079,653321,117.23,323068,1.7459,272154,10.7980,60391,13183,21010,41452,-29356
3/31/2006,1.2078,643131,117.23,306971,1.7497,273217,10.9420,50761,12491,11222,40811,-30412
4/7/2006,1.2258,862283,117.44,341760,1.7559,337323,10.8665,65039,14015,-3206,52392,-32716
4/14/2006,1.2125,430084,118.61,167861,1.7467,174806,11.0720,26926,16971,-4624,41630,-54471
4/21/2006,1.2274,789472,117.75,360477,1.7762,319403,10.9875,86284,27302,-6967,55342,-41141
4/28/2006,1.2412,890565,114.83,510932,1.7876,372450,11.0850,46270,35005,-13050,65525,-6490
5/5/2006,1.2644,934980,113.26,388938,1.8397,339804,11.0120,40604,34133,-6657,74474,2689
5/12/2006,1.2747,1090000,111.31,441405,1.8632,342144,10.9330,78815,41071,-3305,72911,18844
5/19/2006,1.2817,1140000,110.07,500035,1.8819,338711,11.0540,56470,39358,-11072,73376,19121
5/26/2006,1.2844,889934,111.35,374995,1.8809,295205,11.1830,57601,42928,-18521,72076,18329
6/2/2006,1.2868,831486,112.18,348127,1.8825,269492,11.2575,65788,51965,-28860,79884,25741
6/9/2006,1.2828,840533,113.26,436877,1.8608,265553,11.3675,43820,33771,-27896,88196,21003
6/16/2006,1.2574,393095,115.06,287550,1.8398,172034,11.4280,51019,34221,-26231,61846,-9597
6/23/2006,1.2568,566080,115.02,237425,1.8399,175531,11.4560,50223,29010,-29043,52490,-23007
6/30/2006,1.2589,677806,116.26,266987,1.8237,201472,11.4180,66286,17709,-27818,64670,-35572
7/7/2006,1.2793,612261,114.92,308882,1.841,187495,11.1540,49241,22169,-11636,68545,-23909
7/14/2006,1.2754,636110,114.15,300712,1.8431,208863,10.9940,74080,25268,-4357,77895,-20704
7/21/2006,1.25,737342,117.44,304282,1.8271,283268,10.9615,50951,28460,6426,51694,-69049
7/28/2006,1.2576,678730,117.3,343774,1.8407,241970,10.9190,59609,34685,8071,50301,-76886
8/4/2006,1.2778,806132,114.96,397030,1.8711,319620,11.0220,90629,56297,17675,73429,-42984
8/11/2006,1.2839,663338,115.01,310618,1.9077,253248,10.9110,49893,65228,21909,92108,-51791
8/18/2006,1.2788,597121,115.96,281216,1.8948,276074,10.8135,39722,74152,35634,90204,-62274
8/25/2006,1.2804,709715,116.61,246951,1.8881,235738,10.8000,55964,66586,24841,81470,-75077
9/1/2006,1.2768,718505,116.92,263549,1.8914,278555,10.9030,71838,66676,22805,79637,-88329
9/8/2006,1.281,628790,116.04,407090,1.8926,313655,10.8360,77499,63587,27671,75016,-69498
9/15/2006,1.2693,441210,117.82,316331,1.8747,215530,11.0320,48914,50259,8074,66717,-99452
9/22/2006,1.2683,605164,117.6,309834,1.8828,213764,10.9385,91458,60218,2462,51114,-90804
9/29/2006,1.2687,712161,117.16,325972,1.8954,330218,11.0450,60487,74642,-4267,49942,-87358
10/6/2006,1.2727,780600,117.84,320177,1.8873,344111,11.0435,105718,62700,5664,56217,-104151
10/13/2006,1.2541,607556,119.68,254214,1.8548,265383,11.0590,115310,44433,9772,36528,-123598
10/20/2006,1.2564,701488,118.63,382932,1.8734,343272,10.8685,57998,56447,52477,26592,-112578
10/27/2006,1.2565,722372,119.25,371566,1.8745,296503,10.8175,86919,56205,67083,27151,-137290
11/3/2006,1.2773,786439,116.82,428841,1.9084,331023,10.7670,91512,80509,82181,60048,-59600
11/10/2006,1.2806,627518,117.44,369376,1.9098,255339,10.8110,77711,104189,58060,68925,-63512
11/17/2006,1.2812,911773,117.72,473664,1.8946,394673,10.8655,80034,82682,34160,60475,-55012
11/24/2006,1.2824,685296,118,341776,1.8984,265224,10.9973,44019,90136,12139,65306,-80421
12/1/2006,1.3162,1170000,116.14,529887,1.948,505396,11.0331,120505,101064,3289,89594,-41958
12/8/2006,1.3327,1140000,114.98,536770,1.9746,551310,10.8885,109403,96711,25349,98265,-23537
12/15/2006,1.3233,673841,117.15,324843,1.9655,294368,10.8451,51072,103761,47636,96683,-55560
12/22/2006,1.3194,731641,117.93,288655,1.9666,317707,10.8470,56736,98434,60003,91970,-92519
12/29/2006,1.3132,390770,118.93,180740,1.9568,190006,10.8725,46110,86236,54781,79970,-104914
1/5/2007,1.3286,672144,118.83,325410,1.9736,358663,10.7790,110407,79060,67873,77456,-118592
1/12/2007,1.2995,954775,119.45,376196,1.94,410637,11.0245,103500,69319,27866,75172,-123343
1/19/2007,1.2918,741379,120.64,291115,1.9605,293902,10.9921,56138,96664,26500,53542,-138146
1/26/2007,1.3025,862326,121.54,339086,1.9847,345452,10.9610,127466,109941,18105,61010,-164860
2/2/2007,1.2954,862192,121.7,459494,1.9617,401485,11.0505,110813,87825,10515,62579,-173005
2/9/2007,1.2969,692984,120.35,442818,1.9693,380881,10.9220,97985,106463,16714,45330,-128526
2/16/2007,1.3024,828235,121.24,511222,1.9443,346600,10.9900,89371,66582,21407,83795,-167505
2/23/2007,1.3134,585633,120.1,368556,1.9547,321075,10.9735,83459,74776,17618,99326,-116195
3/2/2007,1.3246,933596,118.67,786102,1.9661,501493,11.1475,104915,88313,182,102598,-114626
3/9/2007,1.3108,838542,116.5,662664,1.927,404648,11.1403,97395,57219,-15595,88679,-62886
3/16/2007,1.3199,591252,116.96,436930,1.9322,282263,11.1615,67366,49742,-14528,96155,-52853
3/23/2007,1.3291,719934,117.32,408457,1.958,339051,11.1075,62206,66091,-19016,87956,-49953
3/30/2007,1.3357,938255,117.8,615580,1.9664,421011,11.0495,68163,63269,3544,93741,-47480
4/6/2007,1.3363,546352,118.83,332279,1.9781,255370,10.9785,54081,73343,1783,95078,-63858
4/13/2007,1.3436,692119,119.07,389904,1.9718,272325,11.0161,47457,70095,13744,104394,-64841
4/20/2007,1.3569,723454,118.96,495227,2.0061,340932,10.9870,44988,83429,9759,106770,-70519
4/27/2007,1.3622,787833,118.52,473408,2.0028,363746,11.0030,75261,95965,5729,111282,-81772
5/4/2007,1.36,852408,119.77,350169,1.9993,391195,10.9308,51648,88457,26567,106688,-118782
5/11/2007,1.3532,746338,119.89,438141,1.9902,422465,10.8475,91522,74982,48327,105270,-112259
5/18/2007,1.3603,705258,120.22,416224,1.9862,325717,10.7975,60872,64011,63062,119538,-127896
5/25/2007,1.3464,666786,121.47,363955,1.9768,367782,10.7641,122466,56493,69238,95287,-151746
6/1/2007,1.3483,781074,121.79,368536,1.9814,366387,10.7965,112944,69948,86137,94319,-146243
6/8/2007,1.3526,999998,121.49,697330,1.9941,578382,10.7950,173246,85999,91056,84965,-124006
6/15/2007,1.3325,545429,121.76,437637,1.975,273463,10.9243,104820,63644,56330,50638,-127562
6/22/2007,1.3416,560850,123.39,288572,1.9884,294290,10.7404,100761,92943,64573,46341,-161361
6/29/2007,1.3468,719632,123.49,573233,1.9997,324123,10.8350,78982,119328,41980,67433,-188077
7/6/2007,1.3615,690411,122.4,442875,2.0168,393672,10.7681,53027,122379,48780,76524,-155138
7/13/2007,1.3714,862373,122.19,780948,2.0248,453886,10.7800,88921,112950,52212,102896,-125890
7/20/2007,1.3782,717300,122.36,655955,2.0455,454856,10.7600,90792,123452,58167,99185,-126773
7/27/2007,1.3824,995531,120.57,917478,2.0626,483540,10.7895,134046,107615,47728,96415,-92415
8/3/2007,1.3711,836274,119.13,789390,2.0364,437977,10.9311,90197,89522,22606,78453,-51162
8/10/2007,1.3747,966309,118.48,901690,2.0202,519906,10.9625,82370,74315,16370,79029,-34493
8/17/2007,1.3581,1110000,118.21,1220000,2,531535,11.0450,119831,58864,11715,64674,-21889
8/24/2007,1.3483,697700,114.42,698114,1.9813,307837,11.1185,74763,48830,-24134,38463,1516
8/31/2007,1.3626,741207,114.7,628759,2.0065,333369,11.0990,70437,55525,-20202,42826,9846
9/7/2007,1.3606,707294,116.21,661895,2.0109,368333,11.0286,68239,53176,-15920,46645,-7053
9/14/2007,1.3837,531980,113.97,518733,2.0319,269232,11.1076,72609,62069,-13133,58214,5585
9/21/2007,1.3869,617614,115.75,515267,1.9973,296971,11.0925,80548,38917,-28072,86049,-21067
9/28/2007,1.4128,688324,114.48,525057,2.0169,322417,10.9413,77431,47380,-12921,83448,-2449
10/5/2007,1.4163,852040,115.83,523207,2.0417,346234,10.9101,79737,55395,-2143,94440,-28069
10/12/2007,1.4092,822067,116.98,402094,2.0331,344983,10.8281,72319,54137,10720,87166,-45757
10/19/2007,1.4165,814319,116.61,670716,2.0327,425770,10.8368,87660,56067,30194,86604,-38613
10/26/2007,1.4248,907365,114.65,653834,2.0495,395412,10.8288,100642,62712,45259,69016,-21354
11/2/2007,1.4424,809435,114.72,597039,2.0671,415413,10.7180,93622,70484,69765,68848,-9949
11/9/2007,1.4555,958061,114.51,819115,2.0859,478509,10.7030,114499,79840,53575,76048,-8897
11/16/2007,1.4598,884284,110.31,759514,2.0729,463245,10.8921,93798,61661,34239,69429,20796
11/23/2007,1.4787,631910,110.05,479720,2.0652,263692,10.9600,79248,54350,16907,70028,30401
11/30/2007,1.4817,903479,108.64,700868,2.0653,388007,10.9745,108950,56430,11769,66556,31332
12/7/2007,1.4759,822914,109.68,473293,2.0577,380856,10.9080,87839,50879,10036,69117,34085
12/14/2007,1.4702,578930,111.77,429093,2.0387,241885,10.8001,81205,76851,38903,63374,30903
12/21/2007,1.4392,450882,113.17,343833,2.014,202150,10.8601,50031,32117,66889,31149,13357
12/28/2007,1.4409,279132,114.45,205817,1.9774,102485,10.8130,61253,34590,71808,30641,4013
1/4/2008,1.4603,507019,111.71,397699,1.9843,225762,10.9169,106849,29132,56290,36655,920
1/11/2008,1.4717,693125,109.29,655805,1.9731,327608,10.8887,127800,30569,55866,51902,37473
1/18/2008,1.4842,972275,107.07,765360,1.9671,431747,10.9177,103080,32740,29952,44982,37199
1/25/2008,1.4609,1130000,106.76,799657,1.9577,392013,10.9260,113754,32239,23963,23745,41842
2/1/2008,1.4767,755432,107.08,619477,1.9857,346659,10.8405,111625,38888,41786,22456,52928
2/8/2008,1.4638,812705,106.94,619643,1.9626,320631,10.8236,129987,30757,72055,12564,54690
2/15/2008,1.4592,688729,107.42,520132,1.9622,299508,10.7481,70292,26593,106022,10295,43471
2/22/2008,1.4742,755740,107.5,593878,1.9511,356626,10.7460,100810,25606,116507,14730,50444
2/29/2008,1.4889,888832,107.73,692560,1.9747,363672,10.7320,147667,30642,125334,31778,34289
3/7/2008,1.521,1050000,102.67,750723,1.9854,409021,10.7175,157359,38013,112883,32010,56285
3/14/2008,1.5329,919124,102.87,708943,2.0041,346067,10.7970,116668,45149,73734,29099,50153
3/21/2008,1.5784,722187,98.23,479968,2.0216,299505,10.7165,90397,49963,89304,26521,55759
3/28/2008,1.5595,795296,100.07,489545,1.9997,370795,10.6810,49368,44244,103851,42771,65920
4/4/2008,1.5615,985297,101.77,620973,1.9774,392868,10.6005,132427,34114,120903,29072,52298
4/11/2008,1.5705,805533,102.55,646914,1.969,366659,10.5610,70319,30945,115403,29435,43067
4/18/2008,1.5801,1080000,101.33,610708,1.9627,500905,10.4840,79618,28219,114894,20093,47972
4/25/2008,1.601,1240000,102.7,518064,1.9994,478455,10.5165,84937,35044,120857,18907,35087
5/2/2008,1.5604,1150000,103.4,577486,1.9747,537426,10.5322,126056,21296,90796,-21315,55450
5/9/2008,1.5548,1030000,104.54,555189,1.9747,386011,10.4915,115572,13874,101511,-12512,48735
5/16/2008,1.5509,1120000,104.41,591457,1.947,365154,10.4870,125873,25873,99028,-9499,33816
5/23/2008,1.5667,993177,103.66,588253,1.9705,373421,10.3965,81987,22233,90599,6841,40048
5/30/2008,1.5731,885757,103.98,510527,1.9751,278147,10.3970,89367,22471,94756,-3390,33304
6/6/2008,1.5454,1360000,105.29,761247,1.965,488000,10.2900,115369,18580,98835,-14454,23365
6/13/2008,1.5473,1120000,107.19,654324,1.9543,398613,10.3880,182822,28040,84162,-7540,7716
6/20/2008,1.5519,768303,108.03,486329,1.9544,344268,10.3170,56828,20534,95847,-9290,5857
6/27/2008,1.5591,981707,107.76,667620,1.9707,411000,10.2925,103888,24735,98170,1432,-12747
7/4/2008,1.5778,951513,105.73,605215,1.993,328238,10.3850,101270,38184,73935,27683,16005
7/11/2008,1.5653,1020000,107.35,742975,1.9685,437033,10.3385,100409,31256,72190,24007,5325
7/18/2008,1.5923,1050000,104.78,760225,2.0036,403254,10.3215,134363,50345,72341,23049,50105
7/25/2008,1.5811,993210,107.11,544120,1.9941,420691,10.1259,135645,48513,90137,4071,10524
8/1/2008,1.5588,1080000,108.19,512854,1.9805,474370,10.0620,88735,43269,78768,-16218,-6280
8/8/2008,1.5468,1220000,108.2,547170,1.9532,464794,9.9166,124476,21707,72293,-9447,-12081
8/15/2008,1.4905,1320000,109.78,554393,1.9005,508229,10.1671,94677,18886,50524,-19427,-13249
8/22/2008,1.4746,1080000,109.68,626315,1.8655,394496,10.1885,92523,14836,50315,-20364,-23138
8/29/2008,1.466,1140000,109.83,568688,1.8387,349478,10.1781,103780,16211,53868,-33778,-19970
9/5/2008,1.4522,1400000,108.85,674544,1.7853,472663,10.3850,123923,12504,43577,-38623,-5020
9/12/2008,1.4173,1330000,107.1,739839,1.7672,481187,10.5070,142310,16511,25479,-36432,14821
9/19/2008,1.4155,933253,105.11,667399,1.7802,290147,10.7350,72471,18353,17308,-40654,26600
9/26/2008,1.4737,988755,105.8,479098,1.8558,311293,10.7220,84087,12008,6429,-31057,31939
10/3/2008,1.4081,1080000,105.94,591284,1.7804,383412,10.9726,89424,19488,12016,-28932,43022
10/10/2008,1.3649,927029,102.3,824258,1.7592,349980,12.1150,93551,20112,9935,-18662,39813
10/17/2008,1.3658,807230,102.17,636717,1.7482,270672,12.4251,28711,15804,3101,-30100,29904
10/24/2008,1.3102,1030000,100.43,706689,1.6837,365836,13.1850,26337,16095,429,-30620,30121
10/31/2008,1.2476,1150000,95.68,635320,1.5591,382297,13.3625,24131,18591,-2965,-29052,31826
11/7/2008,1.3021,999942,100.48,507282,1.6095,333703,12.4705,33609,12548,-4559,-21433,26494
11/14/2008,1.276,924651,97.96,506760,1.5639,309121,12.8150,18587,5967,-2335,-20621,24511
11/21/2008,1.269,926638,97.38,579007,1.5042,330282,13.1450,19269,5160,-935,-17358,24134
11/28/2008,1.303,731268,95.53,336512,1.5349,256256,13.2705,13184,7289,-2015,-21478,37166
12/5/2008,1.2724,854353,93.64,488904,1.4949,296110,13.4653,20438,6199,-1898,-20197,42903
12/12/2008,1.2937,730378,92.44,440241,1.4776,292774,13.5055,25603,5892,625,-16668,43259
12/19/2008,1.381,866171,89.98,280013,1.532,278930,13.2230,14579,7200,2286,-6626,41381
12/26/2008,1.3966,193548,90.57,74926,1.4761,70155,13.2210,9680,8817,1801,-3645,40098
1/2/2009,1.4085,305068,90.37,117605,1.4395,100686,13.7600,15682,9317,-640,-3204,43876
1/9/2009,1.3445,863169,94.2,408922,1.4777,319210,13.3300,32055,11365,-414,-2375,46394
1/16/2009,1.3198,879042,89.65,398234,1.4528,318561,13.8360,51413,10415,-4258,-9348,44895
1/23/2009,1.2946,821701,90.19,420304,1.4023,378839,13.9155,35451,7489,-8853,-7580,47090
1/30/2009,1.3159,946308,88.99,378493,1.4148,405069,14.1850,40872,9697,-10902,-7489,49007
2/6/2009,1.301,947687,89.09,485959,1.4394,400877,14.5825,51211,8890,-9710,-9052,50518
2/13/2009,1.2966,1040000,90.65,441137,1.4604,407528,14.3775,39934,8451,-11647,-9994,43597
2/20/2009,1.2571,898666,92.17,394073,1.4224,284696,14.6205,33643,10591,-11632,-15437,36188
2/27/2009,1.2742,986834,96.6,467216,1.4408,350591,14.8350,34169,10599,-14280,-10081,28635
3/6/2009,1.2549,941944,98.16,429756,1.4034,360875,15.3410,83963,14845,-17261,-19431,20070
3/13/2009,1.2752,770438,98.39,324345,1.384,329646,15.2872,56136,11420,-16155,-10232,18906
3/20/2009,1.2972,812702,98.85,284345,1.4018,267629,14.0240,51578,7731,-7470,-9039,-4696
3/27/2009,1.3524,979102,97.86,308016,1.473,341315,14.3030,30772,9352,-1130,-5458,-7662
4/3/2009,1.3261,842130,99.15,335573,1.43,342960,14.2100,60546,8487,-2966,2265,-9463
4/10/2009,1.3282,587746,100.71,240834,1.4744,259843,13.5750,37772,7150,5572,3872,-6998
4/17/2009,1.3277,638836,99.08,313401,1.4907,292399,13.0835,45319,12700,12698,5575,-6095
4/24/2009,1.2978,736181,98.6,409689,1.4688,431082,13.1220,56046,15614,30107,1597,-13695
5/1/2009,1.3061,737155,96.49,355336,1.4607,348033,13.8850,60485,17702,29131,-2073,-4579
5/8/2009,1.3375,906131,98.76,347389,1.5099,372743,13.2030,60385,20858,18905,3368,-6518
5/15/2009,1.3638,852304,96.59,430830,1.524,425586,13.2325,37385,19205,21468,10415,2388
5/22/2009,1.3608,986001,96.1,411782,1.5501,468803,12.9530,40599,16596,21129,12250,6000
5/29/2009,1.3992,913959,94.81,351818,1.5938,389168,13.1335,31899,17724,23804,15584,8009
6/5/2009,1.427,1270000,95.72,464969,1.6515,628338,13.2825,74638,20137,25388,6793,9621
6/12/2009,1.4014,900870,97.6,323792,1.6267,424824,13.5000,68084,20887,13808,15024,-2299
6/19/2009,1.3878,772689,96.26,330970,1.6446,428404,13.3420,37895,23982,12741,12485,-8563
6/26/2009,1.4035,1170000,95.32,379619,1.6344,510618,13.3219,54195,24039,15247,17423,-4007
7/3/2009,1.402,831514,96.42,312037,1.6452,401720,13.1700,33395,31038,28951,17219,-1047
7/10/2009,1.3965,1110000,95.11,563955,1.6158,493283,13.2698,77817,26280,39020,10312,17117
7/17/2009,1.3971,904190,93.03,407535,1.6294,411112,13.7850,82053,23263,13614,13899,33567
7/24/2009,1.4196,954740,93.36,436589,1.6419,458451,13.3053,70547,27441,11215,34772,36188
7/31/2009,1.4215,1250000,94.6,493418,1.6477,561832,13.2590,52312,23863,30207,20287,24302
8/7/2009,1.44,1120000,95.41,536053,1.6932,611786,13.1025,68965,36683,35931,27106,10615
8/14/2009,1.4141,972229,95.94,450828,1.6501,494403,12.9925,76518,24568,48462,16811,824
8/21/2009,1.4075,1020000,94.72,427655,1.6418,487048,12.9598,80352,26849,64413,5732,2353
8/28/2009,1.435,920486,94.28,405974,1.643,446597,12.8722,98416,26449,70843,18171,11647
9/4/2009,1.4235,1040000,93.09,477179,1.6168,503191,13.5725,154974,23032,30047,9017,32365
9/11/2009,1.4497,723659,92.21,347662,1.6512,339640,13.2880,78263,29336,4064,18033,40799
9/18/2009,1.4617,872744,90.95,391791,1.6436,478570,13.3365,61780,24491,-1292,37772,37107
9/25/2009,1.4795,1100000,91.08,466236,1.638,637141,13.3240,93668,17821,4301,38000,45615
10/2/2009,1.4553,1330000,90.26,496839,1.5924,660719,13.5525,106810,16129,-10859,39766,44856
10/9/2009,1.4744,1080000,88.77,456240,1.5904,552821,13.4890,89441,12636,-20553,51045,44643
10/16/2009,1.4839,1050000,89.71,530222,1.5896,621420,13.1610,95261,9898,7949,43367,33339
10/23/2009,1.4905,1190000,90.83,440863,1.638,697732,12.9587,127801,15644,55184,36033,31185
10/30/2009,1.4821,1540000,92.04,529192,1.6334,746563,13.2300,142563,21736,66795,32869,17530
11/6/2009,1.4658,1370000,90.3,479562,1.6383,634495,13.3150,128875,25102,59927,22191,19832
11/13/2009,1.496,1210000,89.82,444904,1.6681,627358,13.2451,102531,28677,40450,25173,21878
11/20/2009,1.483,1370000,89.41,405314,1.6768,528275,13.1000,98577,29520,55308,11956,35552
11/27/2009,1.4937,1320000,88.58,468969,1.6577,524680,12.9315,90092,22820,89266,18467,51710
12/4/2009,1.51,1530000,86.62,650587,1.6626,568198,12.8537,152741,23468,100385,22151,56907
12/11/2009,1.4741,1210000,88.41,495363,1.6302,539144,12.8410,182144,17059,106183,-511,35182
12/18/2009,1.4514,1040000,89.91,379464,1.6234,439222,12.7121,83456,13810,91562,-16448,8372
12/25/2009,1.4243,512903,91.67,188570,1.5956,211360,12.9530,39122,13551,72998,-14327,-1011
1/1/2010,1.4356,449000,91.95,204110,1.5892,223564,13.0775,45162,18480,64633,-33797,-14903
1/8/2010,1.4402,1300000,91.48,565738,1.6009,529010,12.8160,80645,18031,61987,-35788,-16811
1/15/2010,1.4523,1210000,90.95,524890,1.6181,480870,12.7155,71323,15182,75897,-17917,-16744
1/22/2010,1.4269,1330000,91.13,567548,1.637,593317,12.6500,105734,21199,79247,-25282,-17096
1/29/2010,1.4063,1570000,89.63,659744,1.6109,651053,12.9525,124679,15075,58139,-39539,-4347
2/5/2010,1.3955,1710000,90.39,756931,1.5968,658220,12.8620,135991,14611,42653,-43741,7135
2/12/2010,1.3795,1690000,89.45,544247,1.5679,667212,13.0680,115516,14012,32274,-57152,22396
2/19/2010,1.3742,1300000,90.46,504036,1.5732,498948,12.8510,64383,13922,34464,-59422,13912
2/26/2010,1.3537,1700000,90.04,566655,1.5464,701133,12.8535,111456,13882,57345,-71623,1717
3/5/2010,1.3564,1760000,88.95,553880,1.494,811927,12.7176,88365,13862,79779,-66770,32552
3/12/2010,1.3586,1020000,89.89,412385,1.5003,574127,12.6275,160555,10417,93474,-74551,26288
3/19/2010,1.3758,1150000,90.43,424522,1.5192,521336,12.5201,66254,11731,103254,-46341,15197
3/26/2010,1.3535,1760000,90.24,568622,1.5067,557569,12.5270,101333,11349,109862,-74917,10161
4/2/2010,1.3409,1280000,92.89,444541,1.509,444481,12.4125,55919,11965,109598,-85326,-30866
4/9/2010,1.3378,1420000,93.81,463578,1.523,489243,12.2444,69822,14281,111210,-67223,-42305
4/16/2010,1.3592,1510000,92.78,602380,1.5416,475962,12.1876,87944,13390,112226,-55464,-55746
4/23/2010,1.3446,1670000,93.28,563332,1.5375,584525,12.2220,105668,14258,110152,-71424,-50338
4/30/2010,1.323,2160000,93.01,625879,1.5285,690108,12.2684,169607,11634,98041,-89013,-49777
5/7/2010,1.3037,2790000,94.58,1130000,1.5135,924631,12.4165,322413,13062,83043,-103402,-65612
5/14/2010,1.2715,2100000,92.83,630146,1.4952,847164,12.5025,144513,10269,41958,-113890,-34669
5/21/2010,1.2358,2720000,92.52,985712,1.4439,769031,12.5970,210930,10492,35702,-107143,-34289
5/28/2010,1.2279,1880000,89.89,710561,1.4352,562521,13.1398,143593,10962,28857,-106736,-10238
6/4/2010,1.2266,1730000,91.16,594916,1.4673,533807,12.9195,115337,11809,19773,-93325,-6484
6/11/2010,1.1995,1510000,91.3,605201,1.4422,562849,12.9060,89946,14146,17426,-111945,-12547
6/18/2010,1.2327,1110000,91.25,477224,1.4827,400738,12.5777,58396,13081,28297,-62360,-3680
6/25/2010,1.2303,1500000,90.59,603854,1.485,577735,12.5179,95685,15921,35639,-70974,3630
7/2/2010,1.2187,1690000,88.39,723870,1.5081,608588,12.8375,130220,17626,42496,-73670,27427
7/9/2010,1.2646,1150000,87.55,498350,1.518,370437,12.9323,78950,18442,22725,-38909,37926
7/16/2010,1.2719,1410000,88.24,643869,1.5175,565567,12.7071,108548,15501,28135,-27050,47359
7/23/2010,1.2905,1420000,87.22,596831,1.5255,503482,12.8451,102388,16448,35886,-24251,40911
7/30/2010,1.2983,1260000,87.88,620508,1.5538,459144,12.6525,116772,17107,45318,-21339,29921
8/6/2010,1.3239,1290000,85.88,520066,1.5941,497689,12.5820,98337,31058,55141,-7297,47998
8/13/2010,1.3095,1530000,85.88,532321,1.5776,551922,12.6900,96971,35915,72369,-3731,52478
8/20/2010,1.289,1470000,85.51,535782,1.5586,574393,12.5833,86108,31467,70553,-14627,49969
8/27/2010,1.2675,1610000,84.16,719711,1.5471,533491,12.9184,166443,28511,59370,-21603,51069
9/3/2010,1.2704,1310000,84.1,715764,1.5358,493851,13.1671,160456,23052,21004,-25569,49904
9/10/2010,1.2723,1060000,83.75,510075,1.5315,453148,13.0599,110263,21363,14064,-23699,52183
9/17/2010,1.3014,1440000,83.05,730077,1.5559,431747,12.8177,102285,21108,14957,-9644,47642
9/24/2010,1.3136,1630000,85.36,521046,1.5551,482947,12.7638,146494,17858,26376,5097,23100
10/1/2010,1.3583,1730000,83.82,471078,1.5808,592594,12.4926,144818,26725,66591,35330,28666
10/8/2010,1.3834,1830000,83.17,564085,1.5915,530896,12.5141,141472,37064,85764,48243,49206
10/15/2010,1.3846,1680000,81.74,480252,1.5799,532735,12.4285,87344,39870,86218,41511,48285
10/22/2010,1.3827,1920000,81.6,486195,1.5739,525239,12.4625,133636,34708,82125,46748,45856
10/29/2010,1.3873,1700000,81.28,542113,1.5871,605782,12.3820,112439,33001,80143,40505,43129
11/5/2010,1.4026,1880000,80.8,551997,1.601,593048,12.3010,84415,39900,82272,38610,46455
11/12/2010,1.3865,2100000,81.15,660081,1.605,575201,12.2155,134949,41915,88746,23283,36654
11/19/2010,1.3517,1730000,83.41,552907,1.5881,509285,12.4450,155966,45677,93217,8606,22858
11/26/2010,1.3388,1550000,82.86,458110,1.5824,422355,12.4730,107514,35839,87246,-8293,27192
12/3/2010,1.3036,2320000,83.56,693056,1.5578,612610,12.4540,146126,24409,78906,-7248,30006
12/10/2010,1.3323,1500000,83.04,545734,1.5802,436711,12.4255,209119,14242,59482,-15290,23288
12/17/2010,1.3395,1330000,83.52,444139,1.5795,402582,12.3633,93586,12205,77168,-10304,12735
12/24/2010,1.3131,861656,83.76,308580,1.5462,265362,12.3710,61516,14579,78002,-14093,12529
12/31/2010,1.3122,723111,82.21,348256,1.5361,264156,12.3623,67615,18294,82246,-26479,29641
1/7/2011,1.3306,1730000,81.96,665026,1.5586,535025,12.2545,137982,17494,74310,-24201,39065
1/14/2011,1.2978,1960000,83.36,573753,1.5628,589860,12.1765,136260,21014,83572,-45182,24736
1/21/2011,1.3399,1620000,82.66,540910,1.6,571736,12.0451,106144,31415,90202,4109,20529
1/28/2011,1.3644,1740000,82.35,660020,1.5818,682452,12.0855,115620,36028,95245,22901,32218
2/4/2011,1.3793,1760000,81.48,620042,1.6124,640976,12.0053,148674,46923,103117,39934,31481
2/11/2011,1.3687,1680000,81.92,641512,1.6091,606622,11.9816,127578,49204,103812,34734,36731
2/18/2011,1.3494,1680000,83.79,628061,1.6128,729544,12.1299,133778,68885,109096,32464,-18548
2/25/2011,1.3661,1370000,82.94,647187,1.6129,537867,12.0983,156948,53097,114276,45598,-27746
3/4/2011,1.3813,1660000,81.86,774615,1.6309,613850,12.0882,158353,52122,97202,51308,41274
3/11/2011,1.3912,1190000,82.69,575060,1.6164,508603,12.0010,227277,54967,113165,62294,16656
3/18/2011,1.3968,1360000,80.82,979680,1.6064,488715,12.0033,199448,28580,121575,46316,30230
3/25/2011,1.4212,1290000,81,445720,1.6387,537619,11.9870,116022,53348,87548,48353,34525
4/1/2011,1.409,1520000,82.38,713869,1.5983,590486,11.9650,122614,30077,88075,56630,7052
4/8/2011,1.423,1370000,84.65,637772,1.6282,566502,11.8216,118171,53796,119062,59857,-43231
4/15/2011,1.4455,1300000,83.79,628370,1.6263,508828,11.8230,138392,53423,124846,64985,-52877
4/22/2011,1.4319,1250000,82.41,492070,1.6315,523234,11.6960,98549,50572,134129,62195,-52983
4/29/2011,1.4625,1120000,81.93,454617,1.6465,416027,11.5736,85648,56867,131806,68279,-36997
5/6/2011,1.4875,1930000,81.02,567404,1.6536,613062,11.5580,205305,59735,124260,99516,-18819
5/13/2011,1.4358,1830000,80.75,526488,1.6331,636644,11.5920,228091,41368,118065,61447,13054
5/20/2011,1.4155,1720000,81.39,517364,1.6206,630953,11.7661,172235,30327,104912,41645,15373
5/27/2011,1.4107,1800000,82.12,533256,1.6185,579182,11.6986,141984,28090,108681,19129,8006
6/3/2011,1.4376,1410000,81.29,516165,1.6439,458891,11.5790,152315,32284,108268,21970,-1648
6/10/2011,1.4675,1310000,80.21,456753,1.6444,471515,11.7350,224880,33554,90198,51836,17631
6/17/2011,1.4473,1390000,80.5,473207,1.6388,463279,11.7986,142636,36684,48163,49894,24768
6/24/2011,1.4399,1500000,80.15,449738,1.6232,532029,11.8068,136691,26763,41423,29771,32594
7/1/2011,1.4368,1550000,80.85,548088,1.6016,575539,11.8375,147720,27928,46077,32987,13623
7/8/2011,1.447,1330000,81.14,428559,1.6085,484143,11.6226,150045,28634,82944,43194,14327
7/15/2011,1.4014,2090000,79.53,595117,1.594,608828,11.7889,186671,27687,98447,12416,28288
7/22/2011,1.4156,1710000,78.91,429397,1.6135,517524,11.7042,116046,26011,89266,9246,42155
7/29/2011,1.4495,1520000,78.04,471311,1.6392,445297,11.6226,118943,33312,91913,17038,51302
8/5/2011,1.4232,2270000,77.13,970553,1.6287,587354,11.7629,273278,43266,88484,1763,58833
8/12/2011,1.4242,2140000,77.16,646151,1.6194,654904,12.3440,345145,41290,41293,-8273,42149
8/19/2011,1.4421,1580000,76.76,376643,1.6424,476174,12.2489,153570,36193,22634,6726,47348
8/26/2011,1.4431,1390000,76.59,491528,1.6509,411078,12.3155,158453,40888,21835,2539,47139
9/2/2011,1.4435,1210000,76.75,387575,1.6279,379889,12.4831,132329,31248,20880,-384,41185
9/9/2011,1.3999,1740000,77.48,515235,1.5954,525517,12.5201,133400,30543,13246,-36443,32787
9/16/2011,1.368,1540000,76.88,439656,1.5805,478869,12.9367,170984,33969,-1209,-54459,34955
9/23/2011,1.3697,1480000,76.52,367709,1.5718,531275,13.1664,196987,14106,-16890,-79460,45617
9/30/2011,1.3606,1680000,76.6,465625,1.5681,571152,13.3376,205008,14288,-20626,-82473,42322
10/7/2011,1.3294,1930000,76.86,457394,1.5403,701816,13.9310,191849,14929,-25431,-82697,43462
10/14/2011,1.3657,1450000,76.66,417844,1.5594,469955,13.3210,123723,15391,-24878,-73795,35119
10/21/2011,1.3719,1630000,76.75,505628,1.5654,523908,13.4215,180074,16946,-24129,-77720,26907
10/28/2011,1.3911,1640000,75.88,387184,1.5994,486224,13.4430,175933,18917,-27055,-76512,54279
11/4/2011,1.3676,1840000,78.28,624456,1.5946,595447,13.6665,202708,24396,-26588,-60060,25904
11/11/2011,1.3785,1540000,77.79,277451,1.6076,452753,13.3826,142103,22607,-18067,-54257,28077
11/18/2011,1.3524,1400000,76.99,304100,1.5818,430087,13.5851,163277,23355,-15021,-76147,33680
11/25/2011,1.35,1170000,77.07,299401,1.5646,347952,13.9810,135588,20691,-31582,-85068,43180
12/2/2011,1.3343,1560000,77.86,405341,1.5625,502424,13.9252,175664,23503,-36240,-104302,40547
12/9/2011,1.3397,1400000,77.73,338752,1.558,479246,13.5000,177519,26311,-20862,-95814,38271
12/16/2011,1.3094,1200000,77.86,319410,1.5528,465301,13.7896,164310,23782,-22894,-116457,35600
12/23/2011,1.3076,659762,77.76,164131,1.5674,266626,13.7866,62484,26533,-18802,-113697,24476
12/30/2011,1.3074,471868,77.83,229239,1.5671,220722,13.9727,63766,25465,-25685,-127879,22585
1/6/2012,1.3061,846587,76.67,232664,1.5655,290973,13.6736,115203,27832,-25829,-138909,56481
1/13/2012,1.2782,1410000,76.84,239325,1.5489,407242,13.6211,120579,24044,-22332,-155195,59657
1/20/2012,1.274,1250000,76.8,305752,1.5356,349620,13.4614,135076,23373,-17328,-160030,58862
1/27/2012,1.3004,1560000,77.78,517044,1.5595,468171,13.1654,171035,16103,7418,-171347,44367
2/3/2012,1.3053,1540000,76.34,360646,1.5754,458198,13.0356,191629,23698,21481,-157546,56669
2/10/2012,1.3244,1490000,76.88,378260,1.5891,413688,12.6289,153483,28161,34107,-140593,55171
2/17/2012,1.3149,1400000,78.39,446307,1.5691,488006,12.7618,214753,29309,41239,-148641,29459
2/24/2012,1.3255,1210000,79.73,380551,1.5796,503428,12.7470,142783,27617,49425,-142159,17257
3/2/2012,1.3452,1360000,80.44,528526,1.5887,493012,12.8646,207792,26931,60750,-109674,-1203
3/9/2012,1.3114,1350000,80.86,557207,1.572,526002,12.9900,279355,22308,66347,-116473,-19358
3/16/2012,1.3109,1090000,82.66,474265,1.5736,467595,12.6370,232349,21924,78892,-99336,-42380
3/23/2012,1.3222,945706,83.62,420776,1.5857,322365,12.7046,190934,25951,24329,-82954,-25821
3/30/2012,1.3336,1150000,83.15,506233,1.5972,505072,12.6578,167080,26609,82833,-89129,-67622
4/6/2012,1.3337,1100000,82.18,451573,1.5966,394572,12.7301,148241,29262,84503,-79480,-65108
4/13/2012,1.3068,1140000,80.94,394929,1.5836,430979,13.1782,231611,29777,68600,-101364,-66084
4/20/2012,1.3123,1320000,80.72,384515,1.5931,611479,13.0850,208361,33221,46101,-118125,-57803
4/27/2012,1.3207,1150000,81.21,444465,1.6135,516315,13.1545,170915,47435,40208,-113367,-55903
5/4/2012,1.3226,1040000,80.17,353865,1.6221,466008,12.8877,175131,53121,42045,-106990,-50173
5/11/2012,1.3015,1310000,79.79,353581,1.6159,531929,13.3250,255523,59697,36928,-143984,-41093
5/18/2012,1.2769,1620000,80.09,491019,1.6025,668513,13.7332,364935,57471,14445,-173869,-34315
5/25/2012,1.2735,1540000,79.98,364622,1.5775,549469,13.7420,266001,40842,-16116,-195361,-18015
6/1/2012,1.2488,1580000,79.44,507615,1.563,569390,13.9321,277272,36052,-12995,-203415,-11330
6/8/2012,1.2437,1530000,78.57,456324,1.5355,488275,14.2592,232414,39042,-30396,-214418,12073
6/15/2012,1.2477,1450000,79.44,337512,1.5562,507803,13.9823,199244,28017,-22004,-195187,12307
6/22/2012,1.2692,1250000,78.92,317699,1.5732,407773,13.6982,156969,32248,-14674,-141066,15137
6/29/2012,1.2471,1350000,79.46,385464,1.562,485498,13.8516,252109,35296,-7647,-159880,4542
7/6/2012,1.262,1100000,79.77,308747,1.5702,439074,13.2921,158487,32208,17475,-146177,4175
7/13/2012,1.2255,1110000,79.44,309762,1.5506,434233,13.3002,141383,32804,25222,-165705,8952
7/20/2012,1.2234,1190000,79.04,295452,1.5613,461295,13.2230,169116,33896,34989,-167249,11121
7/27/2012,1.2062,1490000,78.19,365333,1.5521,666477,13.7200,206984,29332,49662,-155066,25061
8/3/2012,1.2315,1390000,78.1,393055,1.5686,587084,13.2669,219670,31304,47556,-138994,32254
8/10/2012,1.2422,925287,78.71,355300,1.5658,475366,13.1797,157372,25764,69378,-131711,27539
8/17/2012,1.2329,949464,78.82,379225,1.5692,425932,13.1421,186123,32054,83511,-137810,30704
8/24/2012,1.2472,1180000,79.43,410729,1.5788,478386,13.1086,156019,45984,97981,-123932,11171
8/31/2012,1.2564,996500,78.5,291625,1.5828,384013,13.1825,162421,42407,94626,-101561,21556
9/7/2012,1.2566,1220000,78.35,476203,1.5889,451724,13.1781,221551,41834,90881,-102306,24007
9/14/2012,1.2858,1340000,77.78,512911,1.6071,529888,12.9975,323755,49312,122243,-93658,32773
9/21/2012,1.3051,1060000,78.59,376904,1.6251,395477,12.8136,147699,52597,118147,-73482,15476
9/28/2012,1.2945,1300000,77.91,344254,1.6232,549382,12.8210,155553,60809,141256,-50238,21111
10/5/2012,1.2951,1300000,78.01,383303,1.6186,482622,12.8478,189064,64726,135865,-50265,29335
10/12/2012,1.2876,1110000,78.23,326546,1.5987,467340,12.8889,140861,54190,136392,-72570,12914
10/19/2012,1.3036,1160000,78.92,451256,1.6101,478413,12.8103,146651,54010,135456,-53495,10086
10/26/2012,1.2971,1170000,79.79,534175,1.5932,518207,12.9810,154271,54879,132402,-55219,-18196
11/2/2012,1.2979,920730,79.58,398228,1.6083,386687,13.0440,146381,57897,126009,-58204,-37020
11/9/2012,1.2818,1400000,80.28,504790,1.5985,501343,12.9652,201937,57208,114422,-67141,-40104
11/16/2012,1.2716,1220000,79.42,509324,1.5885,451765,13.2206,189311,45799,96994,-83646,-30447
11/23/2012,1.2814,1000000,81.72,451742,1.5927,352977,13.0145,121346,46546,86787,-91400,-51389
11/30/2012,1.294,1170000,82.23,519490,1.6028,431624,12.9766,193505,51107,93858,-66693,-79466
12/7/2012,1.3081,1370000,81.86,545352,1.6097,568845,12.9596,221964,66050,118962,-32795,-90326
12/14/2012,1.2992,1000000,82.42,619551,1.6103,543691,12.7516,301590,64753,149271,-31623,-94401
12/21/2012,1.3224,828558,84,472123,1.6256,368145,12.7202,155736,79375,147749,-9736,-89163
12/28/2012,1.3179,399503,84.81,313282,1.6113,203558,12.9848,93798,74466,149355,-2549,-85608
1/4/2013,1.3186,790017,86.64,464784,1.6262,365958,12.9635,145344,69146,141752,5126,-80517
1/11/2013,1.3068,1330000,87.31,764277,1.604,520017,12.7891,154105,60523,139523,-8035,-74096
1/18/2013,1.3342,1390000,88.65,1020000,1.6089,615257,12.6471,138350,63796,151665,7315,-65727
1/25/2013,1.3304,1250000,88.62,985441,1.5862,570459,12.6746,131196,60201,150037,21381,-64068
2/1/2013,1.3484,1420000,90.65,916167,1.5751,586067,12.6901,172487,57989,148871,27472,-71246
2/8/2013,1.3569,1640000,93.34,1100000,1.5652,666135,12.6260,174386,51959,141502,37952,-68413
2/15/2013,1.345,1210000,93.14,1050000,1.5654,609588,12.7326,138699,38661,124579,24181,-61306
2/22/2013,1.3387,1270000,93.54,716715,1.5432,642830,12.6681,155197,40668,116165,19103,-65891
3/1/2013,1.3054,1860000,91.38,1200000,1.5125,726064,12.8798,268198,31126,104804,-9394,-65344
3/8/2013,1.3019,1380000,93.39,843283,1.5098,645744,12.7401,193955,36021,93521,-26116,-73351
3/15/2013,1.3023,1110000,95.96,792149,1.4877,615189,12.4502,281474,28833,113770,-24787,-93763
3/22/2013,1.2888,1350000,94.85,643278,1.5118,557858,12.4452,144563,39048,109376,-44884,-79993
3/29/2013,1.2858,1230000,94.22,551657,1.5156,369542,12.3453,110576,38184,128162,-49095,-89149
4/5/2013,1.2836,1280000,93.43,1150000,1.5113,509483,12.2775,171047,31815,142755,-65701,-78171
4/12/2013,1.3092,1130000,99.02,1070000,1.5317,436835,12.1283,157148,27104,142542,-50858,-77697
4/19/2013,1.3141,1390000,97.86,1090000,1.5316,513181,12.1650,228183,34020,151288,-29764,-93411
4/26/2013,1.3012,1180000,99.43,930858,1.5267,517716,12.2437,239917,33989,146911,-34275,-79730
5/3/2013,1.3168,1430000,97.52,704541,1.5539,516043,12.1323,201282,31078,138551,-30149,-71127
5/10/2013,1.3085,1140000,99,806939,1.5468,513608,12.0750,186082,31542,138444,-33533,-78560
5/17/2013,1.2969,1310000,102.18,890866,1.5258,628002,12.1525,175641,36975,140319,-46921,-88407
5/24/2013,1.291,1420000,102.36,1210000,1.517,666023,12.3225,267570,33380,136863,-80949,-95186
5/31/2013,1.287,1220000,102.07,1040000,1.5061,537591,12.5387,252989,36221,120864,-84644,-99769
6/7/2013,1.3075,1550000,100.15,1660000,1.5304,812461,12.7240,268021,26666,82871,-51621,-82744
6/14/2013,1.3278,1180000,96.82,1280000,1.5587,657842,12.8650,222852,32755,63774,-7533,-72906
6/21/2013,1.3407,1110000,95.2,771929,1.5625,541619,12.8845,226058,47377,20949,20030,-61890
6/28/2013,1.308,1300000,97.87,792364,1.5418,614859,13.2570,210430,34419,4981,17357,-61462
7/5/2013,1.3017,1120000,100.43,605369,1.5171,540379,12.9790,153467,32562,2847,-16090,-70736
7/12/2013,1.2774,1360000,101.08,660747,1.4837,613832,12.8675,178459,31311,8035,-40900,-80305
7/19/2013,1.3144,974763,99.37,545820,1.5122,536825,12.6280,170738,24634,11366,-37165,-85762
7/26/2013,1.3212,948596,99.76,636329,1.5354,491330,12.5125,146064,19135,19799,-27900,-87496
8/2/2013,1.3266,1180000,98.02,700724,1.5244,619962,12.7540,162497,20155,24888,-8504,-82135
8/9/2013,1.3296,906860,97.85,664895,1.5367,575436,12.6440,115997,22097,32125,6061,-80213
8/16/2013,1.3247,1030000,98.06,677429,1.5451,520983,12.7515,157321,22209,36320,16057,-74462
8/23/2013,1.3426,996334,97.12,649485,1.5678,459739,12.9795,262334,26947,36131,36746,-71721
8/30/2013,1.3387,912589,97.3,576229,1.5528,431207,13.3145,197615,30004,7198,40081,-78353
9/6/2013,1.3164,958886,99.43,703335,1.5544,478483,13.4330,186810,27943,688,22738,-79761
9/13/2013,1.326,838406,100.22,652372,1.5731,474434,13.1420,227073,32921,8279,12696,-95066
9/20/2013,1.3357,732620,99.16,508914,1.5901,458297,12.9180,219565,44124,-10201,31907,-88794
9/27/2013,1.349,714882,98.76,524714,1.6006,411138,12.8605,173878,50736,14023,65844,-92818
10/4/2013,1.3534,894426,98.05,696051,1.6208,477617,13.1771,177790,47329,14601,68276,-82324
10/11/2013,1.3582,755856,96.94,558680,1.6089,423063,13.1520,140259,58681,10933,68683,-57097
10/18/2013,1.3494,886242,98.58,516634,1.5974,460671,12.9485,145753,60100,7761,60374,-59266
10/25/2013,1.3778,790737,98.18,521663,1.6221,381416,12.8610,164663,59437,7214,72434,-71802
11/1/2013,1.377,1050000,98.09,544239,1.6059,462861,12.8740,151549,57791,4896,70617,-62395
11/8/2013,1.347,1210000,98.6,711897,1.6044,481302,13.1400,188069,51186,5180,33143,-73792
11/15/2013,1.3428,914187,99.65,550242,1.5916,475198,13.1980,133271,43888,7017,16826,-95107
11/22/2013,1.3529,991790,100.14,565322,1.611,438356,12.8965,146797,53766,9539,8911,-112216
11/29/2013,1.3555,656768,101.38,398072,1.6187,409404,13.0665,78812,56969,12463,-431,-123202
12/6/2013,1.3604,1120000,102.36,774105,1.6416,563534,13.2165,192961,73962,8933,9312,-133383
12/13/2013,1.3765,864435,102.8,698726,1.6424,504256,12.8850,223107,71015,22530,15930,-129711
12/20/2013,1.3748,734798,102.63,514978,1.6254,380755,12.9530,110567,62285,15650,27923,-130223
12/27/2013,1.3676,318261,104.26,166347,1.6371,174952,13.0190,50467,62593,20178,32172,-143822
1/3/2014,1.3779,490362,105.25,270607,1.6574,241145,13.0980,73316,62084,15605,30589,-135228
1/10/2014,1.3618,1010000,104.54,693523,1.6421,437994,13.0450,175863,54679,17607,14498,-128868
1/17/2014,1.3682,930989,103.8,619044,1.645,505621,13.0865,170534,54352,13717,9246,-118066
1/24/2014,1.356,951304,104.14,829259,1.6469,553859,13.2970,183293,56573,-3628,-3772,-114961
1/31/2014,1.3662,1170000,102.8,1010000,1.6581,464302,13.3135,249344,63359,-35316,14347,-86192
2/7/2014,1.3507,1160000,101.62,1010000,1.63,554311,13.3605,215836,52098,-34515,-13610,-76829
2/14/2014,1.3654,889604,102.63,590097,1.6468,513061,13.2845,156424,53199,-33940,-6929,-78786
2/21/2014,1.3758,684802,102.31,596975,1.6696,541096,13.2285,120604,76271,-23312,8599,-79784
2/28/2014,1.3749,958982,102.2,649920,1.6696,500833,13.2110,146163,74558,-21569,13900,-85090
3/7/2014,1.3731,1060000,102.18,726538,1.6665,479365,13.2820,156815,71021,-20750,23452,-79709
3/14/2014,1.3867,1000000,103.18,763301,1.6628,509884,13.2325,213889,64553,-8247,36385,-99356
3/21/2014,1.3913,705969,101.37,472168,1.6574,389620,13.1670,121459,64141,-1270,52991,-61099
3/28/2014,1.3777,926066,102.32,600807,1.6507,383790,13.1415,172911,66751,-1654,39634,-68887
4/4/2014,1.3804,958885,103.52,577391,1.6639,376673,13.0265,191437,75969,21784,33238,-88638
4/11/2014,1.3802,668744,102.12,710583,1.6743,366700,12.9500,235690,91642,56501,23300,-87462
4/18/2014,1.3806,497397,101.6,417641,1.6725,266233,13.0960,93125,87472,54237,27688,-68716
4/25/2014,1.3804,558989,102.6,445034,1.6833,253519,13.0500,112199,89692,53511,25774,-67243
5/2/2014,1.3808,815930,102.57,549670,1.6829,382799,13.1155,145914,85913,49618,25734,-70352
5/9/2014,1.3924,967537,101.57,517364,1.6976,382418,13.0025,171772,83794,47884,32551,-60728
5/16/2014,1.3711,813941,102.2,564236,1.6838,376223,12.9260,138324,71168,68622,-2175,-64707
5/23/2014,1.3702,665297,101.26,540490,1.6847,333013,12.9365,88935,80009,77266,-9220,-53787
5/30/2014,1.3618,575548,102.14,412923,1.68,339393,12.8870,72617,78438,83301,-16633,-59036
6/6/2014,1.3624,1190000,102.42,620828,1.6753,424422,12.9375,174072,79476,86016,-33025,-74218
6/13/2014,1.3543,868275,102.37,587453,1.6753,606434,13.0435,289305,85202,90203,-57185,-82162
6/20/2014,1.3543,575397,102.18,362063,1.6965,397775,13.0910,91208,100434,69075,-61835,-68038
6/27/2014,1.3588,704885,102.13,507038,1.6971,406615,13.0195,83396,98098,68969,-57503,-71223
7/4/2014,1.3681,533732,101.51,376542,1.7147,333741,12.9455,68783,99929,69562,-60776,-58686
7/11/2014,1.3614,623131,101.53,470494,1.7127,336794,13.0020,84108,86614,68811,-59265,-66375
7/18/2014,1.3573,729984,101.62,455900,1.7149,437481,12.9735,136091,85983,69637,-62846,-62948
7/25/2014,1.347,702670,101.54,439056,1.7058,389579,12.9355,95199,71792,79134,-88823,-53916
8/1/2014,1.341,795076,102.12,662178,1.6939,456097,13.0655,256640,75370,77115,-108075,-73069
8/8/2014,1.3366,895504,102.77,669234,1.6874,410430,13.2810,287945,66437,32433,-128747,-95399
8/15/2014,1.3357,724271,102.22,484055,1.6806,439020,13.1700,206386,65348,-41,-126017,-81097
8/22/2014,1.332,779768,102.86,535840,1.662,420862,13.0570,154442,72230,12407,-138825,-87271
8/29/2014,1.3189,840789,104.12,445043,1.657,364880,13.1050,118013,71002,36670,-150657,-102891
9/5/2014,1.3124,1120000,105.1,652102,1.6502,535346,13.1310,164869,67538,39164,-161423,-117308
9/12/2014,1.2909,1330000,106.32,898429,1.6088,801791,13.2040,301783,81330,38518,-157505,-100673
9/19/2014,1.2976,967913,106.91,695494,1.629,650377,13.1540,219357,55617,22046,-137149,-83182
9/26/2014,1.2858,1080000,108.82,737880,1.637,505624,13.2925,250494,53691,10504,-141965,-105422
10/3/2014,1.2628,1410000,109.66,1040000,1.622,549624,13.4270,257081,54243,-7314,-137525,-120878
10/10/2014,1.2626,1450000,108.3,1020000,1.6072,514945,13.4370,269211,46503,-7583,-146212,-112551
10/17/2014,1.266,1510000,107.15,1230000,1.593,667128,13.4015,282742,43116,-5763,-155342,-101147
10/24/2014,1.2724,897918,106.7,757166,1.6134,359355,13.5060,155711,36567,-21124,-159371,-71738
10/31/2014,1.2747,1120000,108,1000000,1.6157,398296,13.4880,243127,40718,-26843,-165707,-67399
11/7/2014,1.2554,1370000,113.44,1230000,1.5991,490159,13.5930,201395,43289,-26590,-179021,-71651
11/14/2014,1.2425,1050000,114.78,947757,1.5857,469017,13.5475,157118,40661,-29674,-163893,-82563
11/21/2014,1.2534,1240000,116.76,1050000,1.5648,442435,13.5450,130581,42865,-29034,-168730,-92454
11/28/2014,1.2472,850103,117.99,529729,1.5714,329990,13.6410,159360,38541,-32552,-165080,-104380
12/5/2014,1.239,1430000,119.1,944431,1.5651,447713,14.0695,249348,38556,-43004,-159279,-111160
12/12/2014,1.2415,1360000,118.87,1310000,1.5694,466669,14.3655,342322,37695,-48594,-136912,-104136
12/19/2014,1.2504,1030000,117.28,984803,1.5736,395084,14.7440,192816,37861,-52756,-126655,-86927
12/26/2014,1.218,278829,120.68,180739,1.5517,141262,14.7075,45462,36615,-63370,-146604,-93742
1/2/2015,1.2174,445558,119.34,347553,1.5573,241840,14.7230,54527,35072,-63805,-152219,-96319
1/9/2015,1.1936,1280000,118.26,1030000,1.5174,504298,14.8785,174209,39156,-64451,-161040,-90083
1/16/2015,1.1779,1610000,118.16,1320000,1.5166,563168,14.5755,187222,41920,-54295,-167851,-94625
1/23/2015,1.1559,1320000,118.48,780933,1.5162,408859,14.6465,169468,35319,-46263,-180730,-77886
1/30/2015,1.137,1160000,117.62,795586,1.5196,435766,14.5775,222495,38649,-44573,-184745,-64658
2/6/2015,1.1462,1090000,117.48,775331,1.5129,489639,14.7515,228960,36220,-48237,-196309,-59571
2/13/2015,1.1316,804930,119.32,767518,1.5252,396283,14.9530,185339,36798,-49235,-194641,-55124
2/20/2015,1.1395,819883,118.99,503396,1.5349,380270,14.8850,142170,42999,-45445,-185582,-49091
2/27/2015,1.1307,874146,119.13,531401,1.5434,402741,14.9755,183268,46741,-48344,-177736,-47512
3/6/2015,1.1212,1190000,119.47,610765,1.5391,445337,14.9350,241628,44563,-43407,-172389,-52521
3/13/2015,1.0707,1590000,121.2,717929,1.5086,623887,15.5815,240865,48053,-35647,-181073,-59387
3/20/2015,1.0605,1460000,121.28,526089,1.4744,546484,15.4250,175555,47155,-55939,-193774,-48054
3/27/2015,1.0908,1540000,119.9,587522,1.487,513078,14.9450,173104,35938,-41100,-220963,-45905
4/3/2015,1.0741,996166,119.96,484182,1.485,362534,15.2450,108424,35143,-30289,-226560,-23924
4/10/2015,1.085,1080000,120.36,472809,1.4857,399416,14.9200,164101,37641,-22925,-215258,-24449
4/17/2015,1.0672,1550000,119.26,626807,1.479,475294,15.2135,235585,33993,8361,-212347,-23070
4/24/2015,1.0758,1180000,119.45,494786,1.4944,361627,15.3810,195021,34830,-13675,-214645,-14448
5/1/2015,1.0979,1550000,118.8,701812,1.5328,610124,15.2185,248247,33239,-23391,-197766,-5493
5/8/2015,1.1174,1460000,119.87,590961,1.5178,576804,15.3410,201383,34304,-50116,-190127,-31183
5/15/2015,1.124,1280000,119.8,535323,1.5685,617605,15.2980,182417,37511,-27039,-178976,-23593
5/22/2015,1.1151,1370000,120.58,599067,1.5523,537675,15.1910,130631,41132,-31331,-168339,-22005
5/29/2015,1.0876,1170000,123.08,679498,1.5398,366017,15.3310,119481,34696,-32516,-171740,-62224
6/5/2015,1.113,1780000,124.19,775486,1.5331,475729,15.4345,263086,32769,-45127,-165512,-85693
6/12/2015,1.1284,1480000,124.16,926558,1.5383,517828,15.5530,244546,31014,-51132,-137974,-116286
6/19/2015,1.1238,885850,123.39,454324,1.5637,363694,15.4230,139133,33877,-52490,-89357,-80664
6/26/2015,1.119,1050000,123.71,398714,1.5751,393232,15.3970,132527,51530,-27867,-99306,-87717
7/3/2015,1.1154,1000000,122.1,494680,1.5727,366046,15.6902,174073,53656,-38759,-100035,-78822
7/10/2015,1.0952,1200000,122.16,762816,1.5443,464149,15.8330,184702,39583,-72415,-99266,-63629
7/17/2015,1.1015,1010000,123.39,412382,1.5584,376010,15.6715,175384,32162,-72718,-107781,-47371
7/24/2015,1.0927,931366,123.93,347633,1.555,344584,15.9565,140351,35141,-81424,-112976,-62314
7/31/2015,1.1055,1120000,123.52,518065,1.5617,403923,16.2565,197244,43795,-88843,-104008,-63538
8/7/2015,1.0953,969444,124,556656,1.5612,529401,16.1660,183229,45748,-82048,-113394,-79716
8/14/2015,1.1042,1110000,124.9,594851,1.5572,395568,16.3335,189380,41751,-70569,-115210,-105226
8/21/2015,1.1028,1130000,124.39,742248,1.5658,417375,16.4220,209012,52030,-60427,-92732,-90130
8/28/2015,1.141,1790000,119.91,1380000,1.5698,633841,17.0080,295466,58051,-83053,-66078,-39059
9/4/2015,1.1263,1160000,119.94,913241,1.5341,417298,16.8775,199142,47801,-76937,-67857,-15555
9/11/2015,1.1182,1040000,119.72,774990,1.5381,452541,16.7840,227182,43509,-70951,-81241,-6662
9/18/2015,1.126,848299,120.3,605535,1.5352,354888,16.7680,167020,43206,-55285,-84202,-26814
9/25/2015,1.1133,1080000,120.04,729135,1.5356,409401,16.8790,250693,45001,-12356,-81033,-23678
10/2/2015,1.1246,1070000,119.76,890482,1.5168,372666,17.0895,217486,49815,-44451,-87660,-22052
10/9/2015,1.1266,943833,120.18,619203,1.5227,382292,16.6820,191625,47700,-5243,-88810,-17599
10/16/2015,1.1382,819918,119.8,609206,1.5242,411706,16.5680,148636,44765,-4143,-80576,-13832
10/23/2015,1.1359,1070000,119.79,629660,1.547,328008,16.5715,178216,53477,-616,-62566,-3639
10/30/2015,1.1052,1140000,120.29,684993,1.5312,368785,16.5525,181320,47986,-83,-105934,-33911
11/6/2015,1.0946,1080000,121.2,618871,1.5404,478470,16.3730,171437,45775,-735,-134334,-43787
11/13/2015,1.0686,1080000,123.22,554569,1.511,348060,16.7625,182657,39369,-18835,-142939,-66888
11/20/2015,1.0634,1020000,123.48,542925,1.5214,328592,16.7700,173762,35107,-38263,-164177,-78611
11/27/2015,1.0652,808475,122.47,378299,1.5057,276018,16.4570,110639,32322,-29261,-175484,-77336
12/4/2015,1.062,1850000,122.88,690451,1.5074,472675,16.5305,182723,38403,-25465,-182845,-74901
12/11/2015,1.0876,1390000,123,748481,1.5,457712,17.0245,286736,41633,-24381,-172331,-68050
12/18/2015,1.0911,942821,121.66,583370,1.5044,362255,17.1490,178917,39121,-60372,-159961,-26580
12/25/2015,1.0978,445423,120.94,259793,1.4811,182431,17.1855,75403,42075,-56719,-161047,-30367
1/1/2016,1.0916,365414,120.44,211990,1.4794,179750,17.2065,85044,40476,-57387,-160550,-17226
1/8/2016,1.0743,1220000,118.95,1020000,1.4664,447032,17.3595,204264,44662,-61988,-160643,4103
1/15/2016,1.0837,1010000,117.78,868592,1.4403,449016,17.9230,313220,34294,-74015,-146451,25266
1/22/2016,1.0906,915017,117.66,925017,1.4171,511415,18.1845,268561,37863,-76003,-137015,37653
1/29/2016,1.0846,926959,118.5,821018,1.4342,509886,18.4750,245120,34696,-76607,-127215,50026
2/5/2016,1.0908,1250000,120.27,1030000,1.4399,564970,18.4895,283249,32737,-78594,-87073,37245
2/12/2016,1.13,1320000,114.8,1380000,1.4473,451723,18.8627,321131,31025,-46522,-63314,43232
2/19/2016,1.114,776504,113.9,664420,1.429,395128,18.7890,334813,36512,-77385,-48205,47901
2/26/2016,1.1016,967260,112.17,765916,1.404,515765,18.2000,178438,35479,-52859,-46857,52734
3/4/2016,1.0847,1070000,113.94,680879,1.3948,489378,17.9000,204300,38965,-56473,-68541,59625
3/11/2016,1.1028,1410000,112.58,733287,1.4225,588374,17.9210,233144,29364,-57554,-71907,64333
3/18/2016,1.1112,780150,112.88,583350,1.4166,397131,17.9245,196726,62876,-45037,-77555,45489
3/25/2016,1.1228,525785,111.82,340116,1.4217,327536,17.3300,133733,38526,-45696,-66053,53346
4/1/2016,1.1204,1030000,113.33,473775,1.4281,463542,17.4885,229667,38926,-40796,-63811,54387
4/8/2016,1.1374,925212,110.26,799457,1.4149,453182,17.7480,291062,39574,-31878,-53487,60073
4/15/2016,1.1395,810964,108.54,508585,1.4244,417802,17.5155,258102,33848,-46591,-52051,66190
4/22/2016,1.1375,800422,109.16,603366,1.4396,477176,17.2935,264800,32765,-14409,-46917,71870
4/29/2016,1.1318,865350,111.23,686060,1.4611,482704,17.3860,244142,40431,-19315,-39667,66498
5/6/2016,1.1508,934143,106.34,512505,1.4543,443680,17.5415,347339,46105,-12420,-23619,61521
5/13/2016,1.1386,666960,109.22,498809,1.4454,394612,18.0095,266202,37628,-45220,-21872,59047
5/20/2016,1.1337,661439,109.02,477491,1.4485,483361,18.2850,225736,37533,-45691,-22587,58919
5/27/2016,1.1145,681650,110,464641,1.4623,429600,18.4435,173885,38557,-47460,-37895,22059
6/3/2016,1.1135,840671,110.75,706422,1.453,510185,18.4130,178642,36546,-55615,-37654,14837
6/10/2016,1.135,1000000,107.3,618425,1.4564,625525,18.4360,273033,36337,-59309,-67112,42853
6/17/2016,1.1206,754536,106.02,656907,1.413,562357,18.9785,161469,61706,-65619,-56489,55690
6/24/2016,1.1262,963668,104.56,735551,1.4668,1170000,18.6550,208689,41707,-68880,-61346,52296
7/1/2016,1.1054,875107,102.71,532642,1.3294,792814,18.9100,242842,43274,-65327,-61934,59750
7/8/2016,1.108,608098,101.58,474987,1.3021,533582,18.7805,196267,45746,-44857,-75327,63568
7/15/2016,1.1074,653076,104.72,781683,1.3237,765773,18.2935,182487,39999,-37172,-87660,47545
7/22/2016,1.1014,654787,106.13,535423,1.3123,495880,18.5355,178796,27959,-39366,-99891,39353
7/29/2016,1.0984,677000,104.83,750596,1.3133,431822,18.7902,191342,29819,-46562,-112600,34958
8/5/2016,1.1225,616731,100.82,516294,1.3326,491616,18.9150,188883,33375,-52123,-104103,41700
8/12/2016,1.111,556323,101.96,392280,1.301,336917,18.3800,246389,35523,-54362,-98399,48831
8/19/2016,1.1277,696263,100.28,503272,1.3019,435417,17.9750,258893,35890,-45723,-92508,56006
8/26/2016,1.1308,698873,100.2,470295,1.3179,362149,18.3730,263444,35850,-28541,-76658,60316
9/2/2016,1.115,771977,102.92,630923,1.3084,447049,18.7850,303847,39648,-33234,-81925,63661
9/9/2016,1.1237,857021,102.28,634654,1.3429,446296,18.3385,291325,38785,-58399,-92630,54489
9/16/2016,1.1242,1020000,102.14,666023,1.3184,548002,19.1651,412534,40397,-65747,-81475,56846
9/23/2016,1.1172,624575,101.66,532155,1.2974,375255,19.8485,206549,69233,-89342,-85025,58785
9/30/2016,1.1208,850270,100.36,614654,1.3005,413793,19.4650,290684,48177,-85873,-76030,68892
10/7/2016,1.1212,912732,102.66,666040,1.2746,761378,19.2360,254170,56760,-85892,-82059,68695
10/14/2016,1.1062,816528,103.36,566654,1.2218,746571,18.9685,237653,50393,-51792,-93472,45909
10/21/2016,1.0997,719277,103.8,453691,1.231,487927,18.6575,255092,52575,-30719,-109268,36991
10/28/2016,1.089,760579,104.25,562849,1.2164,602090,18.4850,269520,63601,-25343,-123856,44595
11/4/2016,1.1042,824763,104.59,623995,1.2218,684524,19.1000,338052,63739,-36472,-137385,43160
11/11/2016,1.1034,1160000,104.98,1240000,1.2372,641041,18.4350,588117,53211,-32996,-129314,31956
11/18/2016,1.0726,1160000,108.94,813652,1.2422,639320,20.3450,293307,54241,-45153,-119182,20676
11/25/2016,1.0618,846507,110.98,691472,1.2424,460939,20.5125,143080,54209,-48314,-119348,10900
12/2/2016,1.0626,1090000,112.78,917681,1.2505,613083,20.5950,229954,50806,-54500,-119240,-269
12/9/2016,1.0717,1220000,113.98,703876,1.2706,539228,20.3750,185917,43169,-54066,-114556,-33937
12/16/2016,1.0635,1280000,115.26,753972,1.2685,625228,20.2560,270305,40515,-57659,-87513,-63429
12/23/2016,1.039,483925,117.86,354075,1.2358,282051,20.4305,120601,44152,-66681,-78045,-75449
12/30/2016,1.0458,498088,117.52,322967,1.2261,274935,20.7085,92988,50062,-61657,-69408,-87009
1/6/2017,1.0416,937713,117.68,754203,1.2256,471067,20.9060,286617,55482,-65636,-70056,-86764
1/13/2017,1.0572,1070000,115.74,1010000,1.2165,649237,21.6245,237375,56742,-71776,-65823,-79839
1/20/2017,1.0695,915375,112.96,826219,1.2388,659129,21.5825,159237,55242,-73321,-66500,-77830
1/27/2017,1.0749,890485,113.63,816596,1.2531,502016,21.3840,279785,51521,-64654,-52348,-66840
2/3/2017,1.0794,1110000,112.72,941690,1.2585,533325,20.8355,200661,42232,-63208,-45713,-58331
2/10/2017,1.069,864472,112.14,699448,1.2486,462904,20.6415,152733,38135,-58488,-44951,-55060
2/17/2017,1.0577,918267,114.34,654303,1.2465,471948,20.3450,164737,39039,-60213,-46764,-51284
2/24/2017,1.0551,863303,113.48,524479,1.2465,470847,20.4230,204154,38253,-56481,-58251,-50162
3/3/2017,1.0618,1090000,112.06,855357,1.2427,586879,19.9975,210918,43329,-45783,-51164,-50017
3/10/2017,1.0582,1250000,113.99,741814,1.2209,631253,19.5050,278202,61847,-42758,-59501,-54700
3/17/2017,1.0645,808283,114.63,517475,1.2168,459751,19.6260,202004,42367,-5467,-41027,-71297
3/24/2017,1.081,886432,111.9,887537,1.2479,493009,19.0915,195258,32586,-3281,-19662,-66987
3/31/2017,1.0852,943809,110.56,729299,1.2503,579376,18.8650,217420,35055,-4737,-7923,-53181
4/7/2017,1.0664,819834,110.74,860978,1.2437,485235,18.8180,209193,30741,-9688,-11405,-45800
4/14/2017,1.0614,579115,109.74,647350,1.2484,305803,18.7485,154607,31871,-12675,-18956,-34764
4/21/2017,1.0706,713008,108.4,649225,1.2769,680260,18.4780,196899,48348,14244,-21649,-30463
4/28/2017,1.0941,1210000,110.88,817289,1.2836,529579,18.9305,280334,54050,16038,-20895,-26869
5/5/2017,1.091,735534,112.06,609852,1.2921,405795,18.7800,146167,54281,15115,-1653,-30483
5/12/2017,1.0875,831271,114.19,734918,1.2939,470749,19.1225,186155,44910,69903,22399,-36307
5/19/2017,1.1072,1060000,113.24,1000000,1.2912,567047,18.6195,351939,48369,70054,37604,-60008
5/26/2017,1.1198,952608,111.64,669500,1.2984,562119,18.6380,225808,49166,54298,64845,-51656
6/2/2017,1.1183,790379,110.68,613699,1.2858,474863,18.6590,189757,45574,75002,72869,-52275
6/9/2017,1.1266,962488,109.34,770415,1.2901,716348,18.2825,265295,40147,84821,74009,-55027
6/16/2017,1.1194,1170000,110.12,787389,1.2739,679528,18.0780,302628,40552,95814,79053,-50553
6/23/2017,1.1124,542303,111.46,424964,1.2628,426049,18.1255,191408,50625,48985,44852,-49959
6/30/2017,1.13,1310000,112.42,837924,1.2791,602488,17.9735,215064,43707,81007,58695,-61350
7/7/2017,1.1367,825632,113.32,654151,1.2951,382073,18.2215,172670,54025,84859,77464,-75036
7/14/2017,1.143,1010000,114.2,664268,1.2851,508602,17.9530,184219,46614,97859,83788,-112125
7/21/2017,1.1578,1150000,111.89,654298,1.3026,508188,17.4990,153709,50883,112539,91321,-126919
7/28/2017,1.1656,1160000,111.57,715801,1.3046,478709,17.7630,174281,52152,112890,90842,-121489
8/4/2017,1.1799,1170000,110.33,686599,1.3206,527605,17.8085,144228,58857,113549,82637,-112196
8/11/2017,1.1724,939924,110.74,720501,1.2968,433921,17.9135,176851,58617,106437,93685,-95813
8/18/2017,1.1736,975484,110.42,765806,1.2862,502906,17.8365,182344,63810,94849,79267,-77492
8/25/2017,1.1762,807034,109.4,647461,1.2834,401032,17.6400,156318,61484,97618,87976,-74086
9/1/2017,1.2025,1210000,109.02,826024,1.2937,454949,17.8710,226472,60053,97010,86519,-68524
9/8/2017,1.1911,1060000,108.94,1000000,1.3013,498617,17.8325,212513,54454,113612,96309,-72945
9/15/2017,1.1968,1230000,110.01,949129,1.328,761830,17.7510,400310,68938,116998,86058,-57297
9/22/2017,1.198,901014,111.49,729353,1.3517,650082,17.7675,171028,76556,76952,62753,-51322
9/29/2017,1.1772,1210000,112.16,1040000,1.3422,601182,18.0070,264228,80145,83727,88167,-71347
10/6/2017,1.1759,1010000,112.8,795221,1.3251,578483,18.2110,237796,80325,89116,90833,-84643
10/13/2017,1.1804,958698,112.15,625040,1.3215,577935,18.6605,258679,79610,82749,98079,-101419
10/20/2017,1.1754,957945,112.32,785855,1.3182,580379,19.0405,314563,72871,71067,90452,-101286
10/27/2017,1.1766,1280000,113.92,901270,1.3124,573635,19.1760,287201,66162,55701,83504,-116857
11/3/2017,1.1648,1020000,113.63,738193,1.3281,737555,19.1290,221631,65482,55246,72097,-118869
11/10/2017,1.1577,952627,113.9,801526,1.3152,504879,19.1420,192015,50403,56975,85455,-127848
11/17/2017,1.1764,1090000,113.5,841897,1.3128,621158,19.1455,267187,53147,62533,84586,-135999
11/24/2017,1.1741,867959,112.46,612920,1.3232,433515,18.8045,205015,58358,80386,95437,-122602
12/1/2017,1.1878,1180000,111.13,1090000,1.3231,943205,18.5775,264119,66549,89566,89681,-110640
12/8/2017,1.182,1010000,112.76,727742,1.345,911225,18.7150,226810,89270,96523,93106,-114267
12/15/2017,1.1725,1450000,113.62,757070,1.3323,753578,19.1840,394258,82611,86176,113889,-114123
12/22/2017,1.1822,719812,112.98,372302,1.3356,313248,19.2150,206314,77109,53894,86224,-114373
12/29/2017,1.1867,482690,113.2,279283,1.3369,242751,19.7325,136514,76354,36384,92148,-116086
1/5/2018,1.205,795103,112.18,443550,1.3596,350306,19.4840,213649,93611,35058,127868,-121766
1/12/2018,1.1922,1410000,112.57,903124,1.3518,574890,19.3060,292568,85039,29797,144691,-125536
1/19/2018,1.2244,1340000,110.74,687801,1.3774,575807,18.8600,236323,84661,46795,139490,-119350
1/26/2018,1.2277,1610000,110.46,960290,1.3968,893662,18.7665,333839,99369,61155,144717,-122870
2/2/2018,1.239,1500000,108.9,848789,1.4124,734243,18.6950,303324,95667,80045,148742,-114696
2/9/2018,1.2381,1530000,109.18,1330000,1.3951,907846,18.6940,438398,81698,92855,140823,-112876
2/16/2018,1.2363,1110000,107.59,857843,1.3892,559475,18.6325,250736,64164,96778,127289,-115509
2/23/2018,1.2348,931049,107.23,531963,1.4021,501586,18.6390,205700,57953,94821,126126,-108338
3/2/2018,1.2239,1160000,107.47,735025,1.3906,673002,18.8068,259988,62924,92507,137977,-96651
3/9/2018,1.2415,1250000,106.03,632772,1.3886,624318,18.7365,273453,61368,83295,132972,-86845
3/16/2018,1.2398,1370000,106.64,671844,1.3987,548092,18.5425,362991,67190,86940,146380,-79539
3/23/2018,1.2271,898676,106.42,658932,1.4013,500536,18.7465,229045,71425,66845,132739,-21999
3/30/2018,1.241,875136,105.72,625359,1.4161,468954,18.3200,257367,90239,89787,141064,-3668
4/6/2018,1.2261,898119,106.45,708969,1.4068,452074,18.1955,278473,86643,99080,134381,3572
4/13/2018,1.2338,946117,107.3,647930,1.4161,456820,18.2715,234354,95267,102218,147463,2761
4/20/2018,1.2345,1010000,107.09,497471,1.4301,638085,17.9705,290997,113252,101841,151476,2591
4/27/2018,1.2226,1250000,109.03,638002,1.3975,543944,18.7950,348795,90186,88783,130594,583
5/4/2018,1.2,1270000,109.69,558276,1.3611,636651,18.8325,330429,84565,86041,120568,-1405
5/11/2018,1.1863,1270000,109.16,532308,1.3521,619397,19.6110,349421,62194,76188,120505,-5462
5/18/2018,1.1864,1460000,110.25,612964,1.3512,504559,19.7160,400577,61361,52778,115114,3680
5/25/2018,1.1783,1660000,110.94,868095,1.3445,629032,19.7140,371668,56329,31540,109744,-2767
6/1/2018,1.1551,2000000,108.62,852207,1.3258,616576,19.7360,303508,71057,18336,93037,-8036
6/8/2018,1.1672,1430000,109.63,582841,1.336,606978,20.3720,358879,78577,-11110,89236,-3437
6/15/2018,1.1792,1670000,110.22,584166,1.3416,664743,20.6127,405554,69254,-21700,88225,5052
6/22/2018,1.1577,1110000,110.02,551462,1.3172,488219,20.5080,248542,46892,-11265,36118,-35562
6/29/2018,1.1675,1370000,109.92,725821,1.3243,597211,19.8635,367193,41491,-12510,33904,-34221
7/6/2018,1.1653,887382,110.54,478895,1.3174,465964,19.5660,314858,43775,5915,36747,-38730
7/13/2018,1.1728,983118,111.24,650750,1.3266,672186,19.0165,302204,32043,28132,24357,-39832
7/20/2018,1.1664,1120000,112.79,705755,1.3161,683093,18.8715,286178,40841,29078,21407,-58650
7/27/2018,1.1684,1060000,111.27,628585,1.3135,478153,18.8490,258234,32178,19584,29640,-73769
8/3/2018,1.1706,1100000,111.88,632988,1.3125,501690,18.5980,248304,35001,26515,22825,-68457
8/10/2018,1.1597,1310000,111.19,531199,1.2957,513612,18.4585,256417,43930,33260,10565,-62807
8/17/2018,1.1351,1430000,110.92,661572,1.2738,474094,19.0040,373626,60028,31074,-1789,-58368
8/24/2018,1.1534,1240000,110.48,489985,1.286,445515,18.8680,258802,68091,25670,-4841,-47406
8/31/2018,1.172,1190000,111.04,446715,1.2886,499675,18.9225,302081,58662,19337,-7219,-46041
9/7/2018,1.1566,1180000,111.44,541909,1.2833,628602,19.3505,293856,64040,12519,7963,-51932
9/14/2018,1.1591,1470000,111.54,570906,1.3015,740918,19.2100,422145,65982,14536,11170,-53886
9/21/2018,1.1693,934020,112.3,429935,1.3158,530550,18.7372,192115,32856,40513,1666,-63755
9/28/2018,1.177,1330000,112.88,546083,1.3162,470517,18.9820,225959,34768,51398,3696,-84719
10/5/2018,1.156,1220000,113.66,643979,1.2984,495161,18.7380,302569,30786,73829,-7101,-114046
10/12/2018,1.1482,1160000,113.13,826866,1.3139,530928,19.0085,270850,30186,74449,-16142,-115201
10/19/2018,1.1593,1040000,112.16,675892,1.321,494910,18.7740,288290,32153,68575,-29344,-100621
10/26/2018,1.148,1120000,112.12,919320,1.2982,492125,19.4075,335131,33299,58027,-30304,-92804
11/2/2018,1.1364,1190000,112.76,804327,1.2731,685334,19.9865,463476,35778,33809,-32662,-91620
11/9/2018,1.1412,969909,113.38,600300,1.3076,570127,19.8560,337354,31670,7036,-46843,-89122
11/16/2018,1.1288,1150000,113.97,748531,1.3031,1050000,20.4500,325024,38606,7287,-37019,-102294
11/23/2018,1.1391,733033,112.66,463960,1.2809,422708,20.3625,175499,37710,14083,-47229,-100065
11/30/2018,1.1281,1010000,113.84,546361,1.2729,430011,20.4755,301211,37930,15327,-55071,-104324
12/7/2018,1.1345,1060000,112.93,745222,1.2719,569359,20.4960,319546,43935,4523,-60776,-109766
12/14/2018,1.1314,1510000,113.41,703667,1.2524,785883,20.2885,311536,47649,11442,-56287,-97606
12/21/2018,1.1364,842361,112.54,678530,1.2644,360596,20.1255,231865,29162,-769,-53124,-102771
12/28/2018,1.1402,469143,111.14,478345,1.2681,205194,19.9275,151625,35076,3429,-58455,-99089
1/4/2019,1.1456,738053,109.7,712805,1.2763,367228,19.6350,195531,35782,9772,-46648,-88623
1/11/2019,1.1444,1010000,108.57,618493,1.2724,463670,19.3550,295871,27670,30982,-40533,-61314
1/18/2019,1.1392,823006,108.72,542821,1.2761,614497,19.0555,344948,31061,57265,-32661,-46421
1/25/2019,1.1359,844244,109.34,422235,1.2955,499367,19.1375,196875,30050,63519,-41006,-39667
2/1/2019,1.1424,919757,109.36,536142,1.3146,552516,18.9850,279857,39271,69443,-46474,-33345
2/8/2019,1.1406,679098,109.99,494103,1.2947,392355,19.0830,232469,35111,71467,-51964,-31410
2/15/2019,1.1316,916528,110.5,548937,1.2887,524685,19.2455,299587,30720,76411,-63900,-30742
2/22/2019,1.1328,797277,110.68,370770,1.3036,545610,19.1855,216571,33266,95095,-74934,-37461
3/1/2019,1.1374,806406,110.76,574678,1.3252,692966,19.1550,248972,39743,91947,-72455,-39654
3/8/2019,1.13,1070000,111.98,563163,1.3141,596302,19.2750,343149,34620,88418,-78166,-51306
3/15/2019,1.1276,1270000,111.38,538949,1.3101,881757,19.3005,408471,29927,75096,-75745,-58781
3/22/2019,1.1346,830670,111.38,525296,1.3263,524929,18.9925,304859,30157,122887,-77704,-59221
3/29/2019,1.128,908816,110.5,633014,1.3215,684334,19.1035,303076,33638,146334,-80278,-62121
4/5/2019,1.1186,786958,111.32,463635,1.3035,537036,19.2245,255418,39423,142723,-99184,-62741
4/12/2019,1.1278,825644,111.08,512288,1.3048,417468,18.9050,218351,36260,155437,-102198,-71520
4/19/2019,1.1293,772894,111.95,398241,1.3049,304822,18.9620,165351,45932,156030,-98023,-87106
4/26/2019,1.1213,1040000,111.86,559179,1.2943,412040,18.9490,269156,54522,150705,-105418,-94414
5/3/2019,1.1201,925011,111.4,444771,1.303,515573,18.9945,247391,51577,144739,-105544,-99599
5/10/2019,1.1178,848380,110.34,867354,1.3052,456209,19.0425,323490,45232,144689,-106105,-91717
5/17/2019,1.1207,781147,109.68,691667,1.2921,434554,19.1455,283840,49332,148207,-95301,-61580
5/24/2019,1.1158,798087,110.6,622380,1.2747,640139,19.0360,217677,45638,146485,-101102,-55192
5/31/2019,1.1177,774355,109.49,693052,1.2668,416292,19.1735,379286,51796,142467,-99691,-55577
6/7/2019,1.1236,1310000,108.3,845905,1.2675,523343,19.5560,535901,41998,124229,-87551,-44389
6/14/2019,1.1316,1280000,108.52,512309,1.2724,536691,19.1315,399898,33761,101315,-86792,-45165
6/21/2019,1.1196,893277,108.39,668384,1.2547,375510,19.1185,155551,33155,116806,-52330,-16565
6/28/2019,1.1386,814037,106.92,634629,1.2721,371894,19.2205,151828,32059,115035,-56295,-10147
7/5/2019,1.1301,730131,107.98,422802,1.2599,367151,19.0790,155230,33647,108267,-31733,-1227
7/12/2019,1.121,753668,108.78,501741,1.2463,366548,18.8940,286650,36232,126382,-35865,-3651
7/19/2019,1.1212,763744,108.35,462281,1.2408,440073,19.0855,152419,35190,128121,-31351,-11380
7/26/2019,1.1156,954606,108.06,443406,1.2449,405328,19.1318,146388,31935,124755,-39004,-9377
8/2/2019,1.1148,1010000,108.66,781368,1.2148,685435,19.0750,274246,41367,128268,-53983,-4218
8/9/2019,1.1196,999621,106.45,931423,1.2149,535797,19.6125,277285,44716,122069,-44010,10561
8/16/2019,1.1182,856362,106.6,742835,1.2067,446123,19.4210,264012,33405,117562,-46649,24742
8/23/2019,1.1092,768352,106.35,517381,1.2153,548884,19.7565,255922,33405,110359,-37977,31154
8/30/2019,1.1094,790708,105.8,685158,1.2288,520520,20.0055,230776,38143,93314,-38804,33607
9/6/2019,1.0968,939259,105.88,596221,1.2086,674788,19.9920,229617,38695,91791,-49136,27682
9/13/2019,1.1042,1540000,107.34,656659,1.2355,721828,19.5005,346161,37903,95637,-49842,32591
9/20/2019,1.1063,645637,108.12,449376,1.2493,446027,19.4170,173159,21332,81626,-68559,23862
9/27/2019,1.0999,849610,107.32,628793,1.2475,550319,19.4485,248282,24446,92414,-60722,12783
10/4/2019,1.0932,912044,107.7,671259,1.2242,665672,19.7755,291531,27916,115812,-65978,13917
10/11/2019,1.0949,821504,107.06,650789,1.2206,738637,19.5820,273288,29482,115396,-75413,11012
10/18/2019,1.1036,937197,108.83,488746,1.2737,1110000,19.2480,236033,25431,113042,-76866,-6641
10/25/2019,1.1138,699955,108.56,404279,1.2948,602605,19.1000,205697,35749,112950,-51050,-18165
11/1/2019,1.1117,834601,108.83,555928,1.2905,449072,19.1010,263215,43157,128907,-53355,-19698
11/8/2019,1.107,796124,109.13,621305,1.287,366252,19.2190,226646,40984,140402,-60746,-26605
11/15/2019,1.1017,652998,109.09,498576,1.2855,398232,19.2700,264300,40348,142037,-57669,-34997
11/22/2019,1.1075,719011,108.59,617145,1.2926,448924,19.3420,205268,39205,139821,-62503,-35031
11/29/2019,1.1012,582776,109.11,411776,1.285,416040,19.4930,173284,38646,135649,-61416,-39591
12/6/2019,1.1089,1130000,108.53,781573,1.3002,616172,19.5550,218145,47755,130127,-69049,-47823
12/13/2019,1.109,1550000,108.73,700130,1.3178,786439,19.2140,442512,51920,130641,-67643,-43682
12/20/2019,1.1148,629248,109.52,351287,1.3116,527000,18.9100,147837,59311,152260,-65694,-42062
12/27/2019,1.1084,371750,109.38,223260,1.2955,239741,18.9550,79002,68574,158216,-72943,-33542
1/3/2020,1.1227,616237,108.67,454721,1.3269,341629,18.8600,125184,64574,150266,-74345,-25302
1/10/2020,1.1138,810543,108.53,734968,1.3127,416747,18.8760,227654,67403,157318,-61664,-12248
1/17/2020,1.113,709357,110.05,491405,1.3018,400959,18.8040,177913,68816,165640,-48182,-31430
1/24/2020,1.1096,803560,109.95,532067,1.3047,424584,18.7020,208612,64256,169971,-47019,-44701
1/31/2020,1.1008,853302,109.17,838181,1.2996,488625,18.7800,352908,61887,170366,-58862,-36025
2/7/2020,1.1043,892011,109.41,743092,1.3029,578637,18.6760,280234,59659,165172,-75080,-21898
2/14/2020,1.0917,878197,109.78,532089,1.2945,512268,18.6940,199859,65006,156326,-85669,-26188
2/21/2020,1.0815,986009,109.8,827352,1.3017,478485,18.5890,253091,72784,153282,-91507,-27221
2/28/2020,1.0868,1570000,110.23,1460000,1.3004,622684,19.0540,575246,72667,150601,-114021,-56389
3/6/2020,1.1175,1880000,107.28,1430000,1.2827,726524,19.3300,689574,76063,131181,-86703,-42324
3/13/2020,1.1342,2060000,103.71,1220000,1.2933,818147,21.0510,579633,56077,112547,-12667,8157
3/20/2020,1.0971,974832,107.41,555551,1.2017,604936,23.1400,247967,56575,33845,32495,32935
3/27/2020,1.0794,992573,111.44,691842,1.1784,502116,25.1320,254846,46534,21979,61290,23863
4/3/2020,1.1016,820403,107.53,444805,1.2454,382006,23.4480,261346,37149,7665,74247,18282
4/10/2020,1.0886,589366,108.97,293601,1.2343,254074,24.0350,202993,31254,5756,79624,22410
4/17/2020,1.0971,602381,107.08,356120,1.2617,286186,23.5990,185034,30287,3333,86617,22643
4/24/2020,1.0854,664296,107.69,320624,1.2266,312473,24.4330,182783,29527,1240,87218,26026
5/1/2020,1.0836,657280,106.83,345938,1.2438,324846,24.3940,160138,31466,8481,79681,32326
5/8/2020,1.0844,617780,106.52,297288,1.2449,333231,23.7938,158653,28096,7109,76299,27214
5/15/2020,1.0864,695995,107.33,346261,1.2299,406860,24.0370,186047,31525,-5120,78140,27937
5/22/2020,1.0937,729751,107.89,370854,1.2255,382493,23.6140,190354,35810,-5984,72562,27470
5/29/2020,1.097,862729,107.64,381839,1.2337,445699,22.3360,238707,39192,4691,75222,34607
6/5/2020,1.1166,1070000,108.6,553249,1.2531,538242,21.7220,253162,26970,8317,81240,32579
6/12/2020,1.1348,1450000,107.66,565188,1.2736,547581,21.7280,352852,28893,-846,95649,17462
6/19/2020,1.1259,651226,107.35,267807,1.2586,410001,22.1750,172454,29378,22106,117132,22110
6/26/2020,1.1322,737796,106.44,348257,1.2531,406026,22.3890,203756,29654,23178,118448,27458
7/3/2020,1.1237,695932,107.77,297490,1.2369,345696,23.0821,149868,34424,20956,98955,23861
7/10/2020,1.1299,960250,107.53,353005,1.2572,442901,22.6360,220167,39892,14980,103597,16812
7/17/2020,1.1406,932112,107.2,322732,1.2546,384266,22.5920,179642,43175,11871,110912,18326
7/24/2020,1.1495,1160000,106.82,427494,1.2736,463268,22.3190,214861,46230,9848,125047,19307
7/31/2020,1.1733,1260000,105.03,597504,1.295,581790,21.9570,198413,39329,10864,157559,28507
8/7/2020,1.1766,1090000,105.87,423088,1.3059,491692,22.7460,212873,45977,2999,180648,31429
8/14/2020,1.1764,935261,106.56,393829,1.3077,404539,22.3380,173678,48053,6507,199751,27016
8/21/2020,1.1928,954074,105.41,396297,1.3228,473326,22.1800,165108,54310,4338,196943,20584
8/28/2020,1.1818,1030000,106.4,519135,1.3136,483334,21.9610,200531,45390,3862,211752,23616
9/4/2020,1.1949,1150000,106,428558,1.3416,540562,21.7510,247946,49213,5969,196747,29604
9/11/2020,1.1789,1410000,105.97,404849,1.3039,635320,21.7320,315683,46590,8373,196814,21742
9/18/2020,1.1846,702866,105.5,357467,1.2866,411268,21.0550,189948,43801,26471,178576,22889
9/25/2020,1.1703,1020000,105.05,412651,1.2726,578212,21.5850,385750,43487,26650,190822,29581